{
  "type": "FeatureCollection",
  "bbox": [
    120.24,
    22.55,
    120.36,
    22.68
  ],
  "source": {
    "primary": "https://osmdata.openstreetmap.de/data/water-polygons.html",
    "supplemental": "https://overpass-api.de/",
    "snapshot_query_bbox": [
      120.24,
      22.55,
      120.36,
      22.68
    ]
  },
  "snapshot_date": "2026-08-13",
  "license": "ODbL 1.0",
  "attribution": "© OpenStreetMap contributors / ODbL 1.0",
  "processing": [
    "assembled natural=coastline ways into main sea cells using the OSM land-left / water-right winding rule",
    "added closed natural=water and waterway=dock polygons from the same fixed OSM extract",
    "repaired invalid polygon topology with a zero-width validity pass, clipped to bbox, and merged overlaps",
    "simplified with approximately 1–2 m tolerance while preserving topology",
    "derived land as the workarea rectangle minus merged water and retained polygon holes"
  ],
  "features": [
    {
      "type": "Feature",
      "bbox": [
        120.24,
        22.55,
        120.36,
        22.68
      ],
      "properties": {
        "surface": "water",
        "name": "OSM water and dock union",
        "source": "OSM natural=water / waterway=dock"
      },
      "geometry": {
        "type": "MultiPolygon",
        "coordinates": [
          [
            [
              [
                120.3185347,
                22.5510865
              ],
              [
                120.3185129,
                22.5514394
              ],
              [
                120.3177429,
                22.5515082
              ],
              [
                120.31682656325098,
                22.551344545336875
              ],
              [
                120.3169099,
                22.550956
              ],
              [
                120.31561509070772,
                22.55
              ],
              [
                120.24,
                22.55
              ],
              [
                120.24,
                22.68
              ],
              [
                120.26389225716032,
                22.68
              ],
              [
                120.2639034,
                22.6796774
              ],
              [
                120.2639788,
                22.6789953
              ],
              [
                120.2641132,
                22.6780864
              ],
              [
                120.2641146,
                22.6769491
              ],
              [
                120.2640505,
                22.6760268
              ],
              [
                120.2639939,
                22.675644
              ],
              [
                120.2637808,
                22.6745565
              ],
              [
                120.2636809,
                22.6741998
              ],
              [
                120.2634282,
                22.6737456
              ],
              [
                120.2632113,
                22.6734968
              ],
              [
                120.2625946,
                22.6725328
              ],
              [
                120.2621534,
                22.6719411
              ],
              [
                120.2609832,
                22.6704429
              ],
              [
                120.2607277,
                22.6702819
              ],
              [
                120.2605108,
                22.6700644
              ],
              [
                120.2604995,
                22.6697338
              ],
              [
                120.2604363,
                22.6695894
              ],
              [
                120.2603118,
                22.6694945
              ],
              [
                120.2600563,
                22.6694127
              ],
              [
                120.2598875,
                22.6692709
              ],
              [
                120.2595858,
                22.6691265
              ],
              [
                120.2595594,
                22.6689177
              ],
              [
                120.2595236,
                22.6688342
              ],
              [
                120.2594397,
                22.6687645
              ],
              [
                120.2591826,
                22.6686739
              ],
              [
                120.2589889,
                22.6686854
              ],
              [
                120.2586071,
                22.6688655
              ],
              [
                120.2584854,
                22.6688298
              ],
              [
                120.2583115,
                22.6686205
              ],
              [
                120.2581167,
                22.668544
              ],
              [
                120.2578914,
                22.668574
              ],
              [
                120.2576651,
                22.6686697
              ],
              [
                120.2575111,
                22.668666
              ],
              [
                120.2574927,
                22.6688537
              ],
              [
                120.256856,
                22.6687373
              ],
              [
                120.2563901,
                22.6684462
              ],
              [
                120.2561703,
                22.6682177
              ],
              [
                120.2555921,
                22.6671525
              ],
              [
                120.2549889,
                22.6665678
              ],
              [
                120.25465,
                22.6662713
              ],
              [
                120.2544456,
                22.6661773
              ],
              [
                120.2543829,
                22.6660008
              ],
              [
                120.2538044,
                22.665575
              ],
              [
                120.2533162,
                22.6653247
              ],
              [
                120.252697,
                22.6655774
              ],
              [
                120.2525947,
                22.6657378
              ],
              [
                120.2520896,
                22.6657347
              ],
              [
                120.2519362,
                22.6656688
              ],
              [
                120.2518783,
                22.6655114
              ],
              [
                120.2522427,
                22.6654211
              ],
              [
                120.2525845,
                22.6655351
              ],
              [
                120.253054,
                22.6652957
              ],
              [
                120.2528645,
                22.6648397
              ],
              [
                120.2529304,
                22.6644711
              ],
              [
                120.2529016,
                22.6642887
              ],
              [
                120.2527081,
                22.6640417
              ],
              [
                120.2524569,
                22.6639657
              ],
              [
                120.251938,
                22.6639163
              ],
              [
                120.2515633,
                22.6638327
              ],
              [
                120.2511432,
                22.6640189
              ],
              [
                120.2516621,
                22.6649993
              ],
              [
                120.2515441,
                22.665076
              ],
              [
                120.2510281,
                22.6642199
              ],
              [
                120.25088,
                22.6640961
              ],
              [
                120.250766,
                22.6630157
              ],
              [
                120.2507182,
                22.6628448
              ],
              [
                120.2509441,
                22.6623247
              ],
              [
                120.2511853,
                22.6619807
              ],
              [
                120.25135,
                22.66158
              ],
              [
                120.2513828,
                22.6614236
              ],
              [
                120.2516115,
                22.6609232
              ],
              [
                120.2516243,
                22.6605472
              ],
              [
                120.2513319,
                22.6601716
              ],
              [
                120.251168,
                22.6597054
              ],
              [
                120.2508968,
                22.6585668
              ],
              [
                120.2508586,
                22.6580709
              ],
              [
                120.2505544,
                22.6571492
              ],
              [
                120.2504851,
                22.6568476
              ],
              [
                120.2503329,
                22.6565398
              ],
              [
                120.2503685,
                22.6562945
              ],
              [
                120.2506386,
                22.6559268
              ],
              [
                120.2508483,
                22.6555333
              ],
              [
                120.2508093,
                22.655106
              ],
              [
                120.2506594,
                22.6544004
              ],
              [
                120.2506913,
                22.653744
              ],
              [
                120.2508303,
                22.653451
              ],
              [
                120.2508248,
                22.6528301
              ],
              [
                120.2503001,
                22.6520401
              ],
              [
                120.2501329,
                22.6518292
              ],
              [
                120.2502287,
                22.651333
              ],
              [
                120.2501801,
                22.65076
              ],
              [
                120.2502311,
                22.6504666
              ],
              [
                120.2502892,
                22.6504674
              ],
              [
                120.250437,
                22.6506106
              ],
              [
                120.2504775,
                22.6505816
              ],
              [
                120.2504729,
                22.650493
              ],
              [
                120.2505144,
                22.6504417
              ],
              [
                120.2505378,
                22.6504803
              ],
              [
                120.2505284,
                22.6505598
              ],
              [
                120.2507799,
                22.6505178
              ],
              [
                120.2508611,
                22.6503752
              ],
              [
                120.2508351,
                22.6503021
              ],
              [
                120.2509428,
                22.6501773
              ],
              [
                120.2508823,
                22.6501436
              ],
              [
                120.2508781,
                22.6500513
              ],
              [
                120.2509493,
                22.6500282
              ],
              [
                120.2508686,
                22.6498835
              ],
              [
                120.2509062,
                22.6498354
              ],
              [
                120.2510207,
                22.6498895
              ],
              [
                120.2511312,
                22.6497465
              ],
              [
                120.2515551,
                22.6480093
              ],
              [
                120.2514122,
                22.6478545
              ],
              [
                120.2512775,
                22.6471979
              ],
              [
                120.2514132,
                22.6467615
              ],
              [
                120.2513847,
                22.6462554
              ],
              [
                120.2517357,
                22.6451668
              ],
              [
                120.2521008,
                22.6446119
              ],
              [
                120.2522584,
                22.643999
              ],
              [
                120.2527012,
                22.6431801
              ],
              [
                120.2529111,
                22.6431457
              ],
              [
                120.2532599,
                22.6426637
              ],
              [
                120.2533521,
                22.6422721
              ],
              [
                120.2538617,
                22.6413683
              ],
              [
                120.25403,
                22.6408656
              ],
              [
                120.2539799,
                22.64053
              ],
              [
                120.2540515,
                22.6404054
              ],
              [
                120.2544121,
                22.6400801
              ],
              [
                120.2550081,
                22.6398592
              ],
              [
                120.2554001,
                22.6392701
              ],
              [
                120.2555389,
                22.6389768
              ],
              [
                120.2554678,
                22.6382002
              ],
              [
                120.255775,
                22.6375737
              ],
              [
                120.2558058,
                22.6370283
              ],
              [
                120.2559983,
                22.6366697
              ],
              [
                120.2560601,
                22.6362799
              ],
              [
                120.25625,
                22.63611
              ],
              [
                120.2565445,
                22.63593
              ],
              [
                120.2570154,
                22.6358537
              ],
              [
                120.2571511,
                22.6354664
              ],
              [
                120.2573049,
                22.6351691
              ],
              [
                120.25812,
                22.6348201
              ],
              [
                120.25883,
                22.63419
              ],
              [
                120.2592245,
                22.633913
              ],
              [
                120.2594149,
                22.6335326
              ],
              [
                120.25968,
                22.63291
              ],
              [
                120.2598964,
                22.6318418
              ],
              [
                120.2600917,
                22.6311671
              ],
              [
                120.2601084,
                22.630952
              ],
              [
                120.260046,
                22.6307035
              ],
              [
                120.2606425,
                22.6307545
              ],
              [
                120.2611057,
                22.6305731
              ],
              [
                120.2615367,
                22.6302033
              ],
              [
                120.2616847,
                22.6297901
              ],
              [
                120.2624101,
                22.6283736
              ],
              [
                120.26279,
                22.627778
              ],
              [
                120.2629328,
                22.6273665
              ],
              [
                120.2630227,
                22.626493
              ],
              [
                120.2629049,
                22.6254027
              ],
              [
                120.2627214,
                22.6247258
              ],
              [
                120.2624733,
                22.6244334
              ],
              [
                120.2622141,
                22.6241998
              ],
              [
                120.2618846,
                22.6241059
              ],
              [
                120.2614734,
                22.6241051
              ],
              [
                120.2616236,
                22.623704
              ],
              [
                120.2619383,
                22.6233869
              ],
              [
                120.2566964,
                22.6209317
              ],
              [
                120.2567406,
                22.6208498
              ],
              [
                120.2610402,
                22.6228512
              ],
              [
                120.2655832,
                22.6216851
              ],
              [
                120.2656263,
                22.6216339
              ],
              [
                120.2655868,
                22.6210955
              ],
              [
                120.2656034,
                22.6210235
              ],
              [
                120.2656454,
                22.6209474
              ],
              [
                120.2659887,
                22.6206153
              ],
              [
                120.2660465,
                22.6204896
              ],
              [
                120.2661093,
                22.6199838
              ],
              [
                120.2661616,
                22.619919
              ],
              [
                120.266086,
                22.6198551
              ],
              [
                120.2658852,
                22.6198107
              ],
              [
                120.2657534,
                22.6197376
              ],
              [
                120.265677,
                22.619654
              ],
              [
                120.265637,
                22.6195652
              ],
              [
                120.2656141,
                22.6190607
              ],
              [
                120.2656356,
                22.6176997
              ],
              [
                120.2659109,
                22.6175353
              ],
              [
                120.26589696881084,
                22.617507775575046
              ],
              [
                120.2659486,
                22.6174458
              ],
              [
                120.2659334,
                22.6172812
              ],
              [
                120.2658917,
                22.6171657
              ],
              [
                120.26660086042801,
                22.6168534904371
              ],
              [
                120.26675287646974,
                22.61703017705543
              ],
              [
                120.2667763,
                22.6171227
              ],
              [
                120.2667296,
                22.6171584
              ],
              [
                120.2667203,
                22.6172262
              ],
              [
                120.2670479,
                22.6172878
              ],
              [
                120.26706998044432,
                22.617224147108015
              ],
              [
                120.2682606,
                22.6174778
              ],
              [
                120.2682111,
                22.6176389
              ],
              [
                120.269022,
                22.6179469
              ],
              [
                120.2691726,
                22.6180198
              ],
              [
                120.2691505,
                22.618073
              ],
              [
                120.2692739,
                22.6181429
              ],
              [
                120.2693423,
                22.6181188
              ],
              [
                120.2696246,
                22.6181123
              ],
              [
                120.2696268,
                22.6183806
              ],
              [
                120.2695773,
                22.6184248
              ],
              [
                120.2692765,
                22.6184124
              ],
              [
                120.2692747,
                22.6189819
              ],
              [
                120.2693154,
                22.6191905
              ],
              [
                120.2693704,
                22.6191926
              ],
              [
                120.2692972,
                22.6203375
              ],
              [
                120.269394,
                22.6203528
              ],
              [
                120.2692997,
                22.6218246
              ],
              [
                120.2695026,
                22.6218287
              ],
              [
                120.2693878,
                22.6237981
              ],
              [
                120.2697668,
                22.6236323
              ],
              [
                120.2698772,
                22.6216578
              ],
              [
                120.2700145,
                22.6183964
              ],
              [
                120.2701212,
                22.6184035
              ],
              [
                120.2701628,
                22.6181163
              ],
              [
                120.2706353,
                22.6181207
              ],
              [
                120.2705569,
                22.6188706
              ],
              [
                120.2732645,
                22.6191486
              ],
              [
                120.2732967,
                22.6189154
              ],
              [
                120.2712996,
                22.6185188
              ],
              [
                120.2711084,
                22.6183043
              ],
              [
                120.2711981,
                22.6178975
              ],
              [
                120.2762754,
                22.6189886
              ],
              [
                120.2840522,
                22.6154554
              ],
              [
                120.2840022,
                22.6153604
              ],
              [
                120.287781,
                22.6135128
              ],
              [
                120.28842271780833,
                22.614690970073642
              ],
              [
                120.2884072,
                22.6147311
              ],
              [
                120.288643,
                22.6150954
              ],
              [
                120.2886028,
                22.615116
              ],
              [
                120.2886197,
                22.6151543
              ],
              [
                120.2875536,
                22.6156627
              ],
              [
                120.2875173,
                22.6156088
              ],
              [
                120.2848387,
                22.6168582
              ],
              [
                120.2847352,
                22.6169597
              ],
              [
                120.2839006,
                22.617348
              ],
              [
                120.2837919,
                22.6173475
              ],
              [
                120.2834956,
                22.6174918
              ],
              [
                120.2834148,
                22.61757
              ],
              [
                120.2825654,
                22.6179679
              ],
              [
                120.282582,
                22.617996
              ],
              [
                120.2820475,
                22.6182469
              ],
              [
                120.2820042,
                22.6181667
              ],
              [
                120.279661,
                22.6192722
              ],
              [
                120.2801203,
                22.6201187
              ],
              [
                120.2804718,
                22.6199482
              ],
              [
                120.2803868,
                22.6197895
              ],
              [
                120.2836664,
                22.6182598
              ],
              [
                120.2837813,
                22.6184666
              ],
              [
                120.2885833,
                22.6162507
              ],
              [
                120.2899684,
                22.6188227
              ],
              [
                120.2911416,
                22.6192807
              ],
              [
                120.2910623,
                22.6191891
              ],
              [
                120.2914752,
                22.6189782
              ],
              [
                120.2910622,
                22.6182052
              ],
              [
                120.29167314222353,
                22.617933318132028
              ],
              [
                120.2925358,
                22.6180317
              ],
              [
                120.2925711,
                22.6176368
              ],
              [
                120.2926608,
                22.6176422
              ],
              [
                120.292701,
                22.6172768
              ],
              [
                120.2913582,
                22.6147237
              ],
              [
                120.2898771,
                22.6120908
              ],
              [
                120.2962301,
                22.6091463
              ],
              [
                120.2964799,
                22.6096496
              ],
              [
                120.296625,
                22.6096516
              ],
              [
                120.2967465,
                22.6085911
              ],
              [
                120.2968362,
                22.6070775
              ],
              [
                120.2964952,
                22.6070685
              ],
              [
                120.2965629,
                22.6059742
              ],
              [
                120.2968246,
                22.6059791
              ],
              [
                120.2968335,
                22.6058743
              ],
              [
                120.2968894,
                22.6058713
              ],
              [
                120.2969196,
                22.6039049
              ],
              [
                120.2972393,
                22.6032934
              ],
              [
                120.2973314,
                22.6029606
              ],
              [
                120.2975501,
                22.60256
              ],
              [
                120.297919,
                22.6016195
              ],
              [
                120.2979826,
                22.6016037
              ],
              [
                120.2981391,
                22.6016509
              ],
              [
                120.2982656,
                22.6013216
              ],
              [
                120.2981359,
                22.6012749
              ],
              [
                120.2980873,
                22.6012108
              ],
              [
                120.2989963,
                22.5988729
              ],
              [
                120.2991208,
                22.5989135
              ],
              [
                120.2993738,
                22.5982479
              ],
              [
                120.299246,
                22.5982039
              ],
              [
                120.2992677,
                22.5981447
              ],
              [
                120.3030756,
                22.5994354
              ],
              [
                120.3031089,
                22.5994196
              ],
              [
                120.3034696,
                22.5995492
              ],
              [
                120.3035359,
                22.5995978
              ],
              [
                120.3062889,
                22.6005104
              ],
              [
                120.3064703,
                22.6005626
              ],
              [
                120.3065599,
                22.6005608
              ],
              [
                120.3067542,
                22.6005008
              ],
              [
                120.3101516,
                22.6016522
              ],
              [
                120.3102368,
                22.6014277
              ],
              [
                120.3105788,
                22.6015513
              ],
              [
                120.3106668,
                22.6013441
              ],
              [
                120.3068649,
                22.6000985
              ],
              [
                120.3067767,
                22.5999355
              ],
              [
                120.2994093,
                22.5974333
              ],
              [
                120.3001192,
                22.5956004
              ],
              [
                120.300233,
                22.5956358
              ],
              [
                120.3014253,
                22.5926423
              ],
              [
                120.3018212,
                22.5917018
              ],
              [
                120.3001959,
                22.5911536
              ],
              [
                120.2981632,
                22.5966318
              ],
              [
                120.2955233,
                22.598105
              ],
              [
                120.2945974,
                22.6005786
              ],
              [
                120.2929622,
                22.6047982
              ],
              [
                120.2919771,
                22.6071079
              ],
              [
                120.2853689,
                22.6100701
              ],
              [
                120.2836043,
                22.6109454
              ],
              [
                120.2820462,
                22.6100471
              ],
              [
                120.2818172,
                22.6099375
              ],
              [
                120.2839451,
                22.6066263
              ],
              [
                120.2883048,
                22.5994437
              ],
              [
                120.2887367,
                22.5981853
              ],
              [
                120.2929302,
                22.5917364
              ],
              [
                120.2976107,
                22.5842861
              ],
              [
                120.3004212,
                22.5852328
              ],
              [
                120.3003948,
                22.5853273
              ],
              [
                120.3051048,
                22.586906
              ],
              [
                120.30506,
                22.5870164
              ],
              [
                120.3061281,
                22.5873494
              ],
              [
                120.306279,
                22.5873929
              ],
              [
                120.3064567,
                22.5868181
              ],
              [
                120.3105976,
                22.5881443
              ],
              [
                120.3109302,
                22.588321
              ],
              [
                120.3131842,
                22.5901701
              ],
              [
                120.3142537,
                22.5913586
              ],
              [
                120.3144619,
                22.5915309
              ],
              [
                120.3183142,
                22.5943586
              ],
              [
                120.3261743,
                22.5850097
              ],
              [
                120.3283365,
                22.5865562
              ],
              [
                120.3291047,
                22.5870592
              ],
              [
                120.3293178,
                22.5871342
              ],
              [
                120.3295581,
                22.5871467
              ],
              [
                120.3299269,
                22.5870623
              ],
              [
                120.3304954,
                22.5868374
              ],
              [
                120.3313245,
                22.5866468
              ],
              [
                120.3366637,
                22.5856182
              ],
              [
                120.3387156,
                22.5851328
              ],
              [
                120.3400031,
                22.5847713
              ],
              [
                120.3406146,
                22.5843676
              ],
              [
                120.3411618,
                22.5839367
              ],
              [
                120.341827,
                22.5837584
              ],
              [
                120.3423715,
                22.5837361
              ],
              [
                120.3428435,
                22.5837906
              ],
              [
                120.3442919,
                22.584167
              ],
              [
                120.3450456,
                22.5841769
              ],
              [
                120.3457215,
                22.584276
              ],
              [
                120.3463411,
                22.5844345
              ],
              [
                120.347178,
                22.5847589
              ],
              [
                120.3483823,
                22.5849991
              ],
              [
                120.3490984,
                22.5853012
              ],
              [
                120.3496912,
                22.5856009
              ],
              [
                120.3503162,
                22.5860789
              ],
              [
                120.350925,
                22.5867574
              ],
              [
                120.3518128,
                22.5885009
              ],
              [
                120.3528616,
                22.5904325
              ],
              [
                120.3531593,
                22.5910714
              ],
              [
                120.3534034,
                22.5913785
              ],
              [
                120.3535402,
                22.5917598
              ],
              [
                120.3537735,
                22.5920842
              ],
              [
                120.354774,
                22.5950162
              ],
              [
                120.355171,
                22.5959647
              ],
              [
                120.3552434,
                22.59645
              ],
              [
                120.3552031,
                22.5971013
              ],
              [
                120.3542992,
                22.6029774
              ],
              [
                120.3541705,
                22.603906
              ],
              [
                120.3541625,
                22.6042477
              ],
              [
                120.3543422,
                22.6048445
              ],
              [
                120.354833,
                22.6057829
              ],
              [
                120.3550503,
                22.606038
              ],
              [
                120.3559837,
                22.6067139
              ],
              [
                120.3560829,
                22.6068675
              ],
              [
                120.3562385,
                22.6073602
              ],
              [
                120.3563645,
                22.6075311
              ],
              [
                120.3566864,
                22.6077514
              ],
              [
                120.3570405,
                22.6082145
              ],
              [
                120.3571907,
                22.6085364
              ],
              [
                120.3573409,
                22.6090241
              ],
              [
                120.3573489,
                22.6094599
              ],
              [
                120.3572819,
                22.609866
              ],
              [
                120.3558308,
                22.613538
              ],
              [
                120.3557677,
                22.6139948
              ],
              [
                120.3557781,
                22.6142996
              ],
              [
                120.3558388,
                22.6142733
              ],
              [
                120.3560212,
                22.6147887
              ],
              [
                120.3563945,
                22.6152704
              ],
              [
                120.3565833,
                22.6153871
              ],
              [
                120.358688,
                22.6163777
              ],
              [
                120.3594964,
                22.6168833
              ],
              [
                120.36,
                22.617261321774798
              ],
              [
                120.36,
                22.617184276321016
              ],
              [
                120.35951,
                22.6168237
              ],
              [
                120.3587769,
                22.616372
              ],
              [
                120.3577526,
                22.6158641
              ],
              [
                120.3567146,
                22.6154012
              ],
              [
                120.3565188,
                22.615286
              ],
              [
                120.3563699,
                22.6151511
              ],
              [
                120.3560507,
                22.6146856
              ],
              [
                120.3559377,
                22.614241
              ],
              [
                120.3559559,
                22.6140403
              ],
              [
                120.3560708,
                22.6136961
              ],
              [
                120.3575111,
                22.61011
              ],
              [
                120.3576325,
                22.6094237
              ],
              [
                120.357549,
                22.6085307
              ],
              [
                120.3572911,
                22.608016
              ],
              [
                120.3566197,
                22.6073611
              ],
              [
                120.3564035,
                22.6069129
              ],
              [
                120.3562631,
                22.6066958
              ],
              [
                120.3559824,
                22.6064122
              ],
              [
                120.3551252,
                22.6058134
              ],
              [
                120.3545941,
                22.6048048
              ],
              [
                120.3545183,
                22.6045772
              ],
              [
                120.3544765,
                22.604094
              ],
              [
                120.3551441,
                22.5988726
              ],
              [
                120.3555197,
                22.5966314
              ],
              [
                120.3554628,
                22.5961726
              ],
              [
                120.3552352,
                22.5952901
              ],
              [
                120.3546814,
                22.5937877
              ],
              [
                120.3544348,
                22.5929752
              ],
              [
                120.352309,
                22.5887411
              ],
              [
                120.3512388,
                22.586807
              ],
              [
                120.3508553,
                22.5862076
              ],
              [
                120.3503269,
                22.5856925
              ],
              [
                120.3496644,
                22.5852765
              ],
              [
                120.3493318,
                22.5850264
              ],
              [
                120.3486237,
                22.5847564
              ],
              [
                120.347127,
                22.5843503
              ],
              [
                120.346427,
                22.584115
              ],
              [
                120.3461909,
                22.584058
              ],
              [
                120.3454104,
                22.5839639
              ],
              [
                120.3444073,
                22.5838872
              ],
              [
                120.343962,
                22.5838129
              ],
              [
                120.3430286,
                22.5835157
              ],
              [
                120.3425834,
                22.5834488
              ],
              [
                120.3420147,
                22.5834339
              ],
              [
                120.3413898,
                22.5835355
              ],
              [
                120.3411081,
                22.5836246
              ],
              [
                120.3408051,
                22.5837732
              ],
              [
                120.3402472,
                22.5842537
              ],
              [
                120.3400084,
                22.5844047
              ],
              [
                120.3394344,
                22.5846351
              ],
              [
                120.3377674,
                22.5850847
              ],
              [
                120.3348808,
                22.5857467
              ],
              [
                120.3312669,
                22.5863719
              ],
              [
                120.3305056,
                22.5865312
              ],
              [
                120.3292146,
                22.5867088
              ],
              [
                120.3290961,
                22.5866834
              ],
              [
                120.3268374,
                22.5849999
              ],
              [
                120.3261842,
                22.5845581
              ],
              [
                120.3260645,
                22.5845492
              ],
              [
                120.3259688,
                22.5845912
              ],
              [
                120.3258635,
                22.5846928
              ],
              [
                120.3182403,
                22.5937615
              ],
              [
                120.3172736,
                22.5931032
              ],
              [
                120.3145631,
                22.591059
              ],
              [
                120.3134476,
                22.5898469
              ],
              [
                120.3110228,
                22.5878744
              ],
              [
                120.3083896,
                22.5870128
              ],
              [
                120.3070073,
                22.5865164
              ],
              [
                120.3069214,
                22.586489
              ],
              [
                120.3068912,
                22.5865222
              ],
              [
                120.3024044,
                22.5851069
              ],
              [
                120.3024485,
                22.5850021
              ],
              [
                120.30147,
                22.5846823
              ],
              [
                120.3002117,
                22.5837458
              ],
              [
                120.3000791,
                22.5824089
              ],
              [
                120.3044932,
                22.5772456
              ],
              [
                120.3050195,
                22.5766668
              ],
              [
                120.3059978,
                22.5754629
              ],
              [
                120.3084292,
                22.5725717
              ],
              [
                120.3105931,
                22.5700808
              ],
              [
                120.3112537,
                22.5705433
              ],
              [
                120.3111057,
                22.5707259
              ],
              [
                120.3117965,
                22.5712739
              ],
              [
                120.314682,
                22.573443
              ],
              [
                120.3154215,
                22.5726175
              ],
              [
                120.3151367,
                22.5705386
              ],
              [
                120.315824,
                22.5696947
              ],
              [
                120.3187699,
                22.5706852
              ],
              [
                120.3193695,
                22.5699938
              ],
              [
                120.3148966,
                22.5667168
              ],
              [
                120.3146342,
                22.5667379
              ],
              [
                120.3136529,
                22.5678443
              ],
              [
                120.3120783,
                22.5697409
              ],
              [
                120.3115077,
                22.5695618
              ],
              [
                120.311154,
                22.5692878
              ],
              [
                120.3147915,
                22.5649951
              ],
              [
                120.3148852,
                22.5650848
              ],
              [
                120.3150564,
                22.5649256
              ],
              [
                120.3150771,
                22.5646972
              ],
              [
                120.3215842,
                22.5570458
              ],
              [
                120.3219538,
                22.5573512
              ],
              [
                120.3242886,
                22.559107
              ],
              [
                120.3288607,
                22.5623935
              ],
              [
                120.3307287,
                22.560169
              ],
              [
                120.3258411,
                22.556629
              ],
              [
                120.33144515981064,
                22.55
              ],
              [
                120.32273769776705,
                22.55
              ],
              [
                120.3221846,
                22.5506509
              ],
              [
                120.3218756,
                22.5504086
              ],
              [
                120.3217936,
                22.5504759
              ],
              [
                120.32166472965693,
                22.550429655812493
              ],
              [
                120.3216065,
                22.5501642
              ],
              [
                120.32153797758966,
                22.550176333175745
              ],
              [
                120.3215183,
                22.5500703
              ],
              [
                120.3212705,
                22.5501169
              ],
              [
                120.3213138,
                22.5502985
              ],
              [
                120.3209744,
                22.5503674
              ],
              [
                120.3209251,
                22.5501817
              ],
              [
                120.3192765,
                22.5504913
              ],
              [
                120.3188304,
                22.5510179
              ],
              [
                120.3185567,
                22.5510343
              ],
              [
                120.31855942161383,
                22.551086171704927
              ],
              [
                120.3185347,
                22.5510865
              ]
            ],
            [
              [
                120.3088975,
                22.5576879
              ],
              [
                120.3083959,
                22.5573758
              ],
              [
                120.3078514,
                22.5571132
              ],
              [
                120.3076353498354,
                22.556947192964817
              ],
              [
                120.3077251,
                22.5568534
              ],
              [
                120.3058405,
                22.5555028
              ],
              [
                120.3065737,
                22.5546354
              ],
              [
                120.3061242,
                22.5543083
              ],
              [
                120.3072528,
                22.5529374
              ],
              [
                120.3128952,
                22.5538721
              ],
              [
                120.3147587,
                22.5532921
              ],
              [
                120.3150843,
                22.5532233
              ],
              [
                120.3157944,
                22.5533354
              ],
              [
                120.3167854,
                22.554111
              ],
              [
                120.3165263,
                22.5544302
              ],
              [
                120.317571,
                22.5551792
              ],
              [
                120.317597,
                22.5553867
              ],
              [
                120.3164599,
                22.5567
              ],
              [
                120.3134393,
                22.5602783
              ],
              [
                120.3023202,
                22.5732348
              ],
              [
                120.3020144,
                22.5730085
              ],
              [
                120.3021802,
                22.5728265
              ],
              [
                120.3015838,
                22.5724103
              ],
              [
                120.3012704,
                22.5727787
              ],
              [
                120.3018483,
                22.5731977
              ],
              [
                120.3018147,
                22.5732371
              ],
              [
                120.3015613,
                22.5730505
              ],
              [
                120.3013913,
                22.5732476
              ],
              [
                120.3016897,
                22.5734582
              ],
              [
                120.3016634,
                22.5734913
              ],
              [
                120.3012099,
                22.573154
              ],
              [
                120.3010766,
                22.5733173
              ],
              [
                120.3017506,
                22.5738261
              ],
              [
                120.3017128,
                22.5738752
              ],
              [
                120.3010695,
                22.5733899
              ],
              [
                120.3006444,
                22.5738973
              ],
              [
                120.3008447,
                22.5740488
              ],
              [
                120.300814,
                22.5740867
              ],
              [
                120.3003188,
                22.5737061
              ],
              [
                120.3002959,
                22.5735959
              ],
              [
                120.3000107,
                22.5734431
              ],
              [
                120.2998958,
                22.5736405
              ],
              [
                120.2997055,
                22.5735247
              ],
              [
                120.2995493,
                22.5735675
              ],
              [
                120.2988494,
                22.5746531
              ],
              [
                120.2993894,
                22.5749569
              ],
              [
                120.299437,
                22.574894
              ],
              [
                120.2997444,
                22.575116
              ],
              [
                120.299683,
                22.5751875
              ],
              [
                120.299864,
                22.5753178
              ],
              [
                120.3003115,
                22.5747859
              ],
              [
                120.3005427,
                22.5749575
              ],
              [
                120.30004,
                22.5755471
              ],
              [
                120.2996379,
                22.57524
              ],
              [
                120.2994131,
                22.5754998
              ],
              [
                120.2993384,
                22.5754535
              ],
              [
                120.2991973,
                22.5756439
              ],
              [
                120.2996538,
                22.5759478
              ],
              [
                120.2995341,
                22.5760899
              ],
              [
                120.2991644,
                22.5757969
              ],
              [
                120.2990638,
                22.5759068
              ],
              [
                120.2986663,
                22.5756032
              ],
              [
                120.2985632,
                22.5757163
              ],
              [
                120.298257,
                22.5754851
              ],
              [
                120.2981371,
                22.5756394
              ],
              [
                120.2982756,
                22.5757398
              ],
              [
                120.2981938,
                22.5758288
              ],
              [
                120.2986063,
                22.5761572
              ],
              [
                120.2985935,
                22.5761728
              ],
              [
                120.2978589,
                22.5756003
              ],
              [
                120.2974513,
                22.5760414
              ],
              [
                120.2988336,
                22.5770854
              ],
              [
                120.2986386,
                22.5773205
              ],
              [
                120.2987395,
                22.5773998
              ],
              [
                120.2986486,
                22.5775019
              ],
              [
                120.2987889,
                22.5776114
              ],
              [
                120.298746,
                22.5776601
              ],
              [
                120.2982523,
                22.5772806
              ],
              [
                120.2978583,
                22.5777531
              ],
              [
                120.2979917,
                22.5779116
              ],
              [
                120.2979317,
                22.5779596
              ],
              [
                120.2977782,
                22.577788
              ],
              [
                120.2973353,
                22.5782992
              ],
              [
                120.2976409,
                22.5784557
              ],
              [
                120.2973598,
                22.5787912
              ],
              [
                120.2975104,
                22.5789081
              ],
              [
                120.2974797,
                22.5789383
              ],
              [
                120.2970851,
                22.5786407
              ],
              [
                120.2969475,
                22.5787989
              ],
              [
                120.2973425,
                22.5791035
              ],
              [
                120.2973126,
                22.5791364
              ],
              [
                120.2971606,
                22.5790224
              ],
              [
                120.2969399,
                22.57929
              ],
              [
                120.29733137138199,
                22.579627397637136
              ],
              [
                120.29730832027933,
                22.579656969249122
              ],
              [
                120.2969066,
                22.5793269
              ],
              [
                120.2967149,
                22.579546
              ],
              [
                120.2970815,
                22.5798325
              ],
              [
                120.2970371,
                22.5798872
              ],
              [
                120.296316,
                22.5793298
              ],
              [
                120.2961848,
                22.5794746
              ],
              [
                120.2968311,
                22.5799718
              ],
              [
                120.2968061,
                22.5799992
              ],
              [
                120.2962915,
                22.5795885
              ],
              [
                120.296112,
                22.5798016
              ],
              [
                120.2962679,
                22.5799524
              ],
              [
                120.2961472,
                22.5800862
              ],
              [
                120.2962195,
                22.5801427
              ],
              [
                120.2960169,
                22.5803782
              ],
              [
                120.2963667,
                22.5806331
              ],
              [
                120.2963495,
                22.580653
              ],
              [
                120.2955177,
                22.5800234
              ],
              [
                120.2953869,
                22.5801693
              ],
              [
                120.295566,
                22.5802981
              ],
              [
                120.2955301,
                22.580343
              ],
              [
                120.2962297,
                22.5808696
              ],
              [
                120.2958103,
                22.581343
              ],
              [
                120.2957162,
                22.5812767
              ],
              [
                120.2954618,
                22.5815589
              ],
              [
                120.2949203,
                22.5811664
              ],
              [
                120.2947213,
                22.581373
              ],
              [
                120.2948909,
                22.5815081
              ],
              [
                120.2948664,
                22.5815343
              ],
              [
                120.2945526,
                22.5812828
              ],
              [
                120.2943844,
                22.581461
              ],
              [
                120.295305,
                22.5821889
              ],
              [
                120.2952202,
                22.582281
              ],
              [
                120.2944384,
                22.5816866
              ],
              [
                120.2942989,
                22.5818433
              ],
              [
                120.2945378,
                22.5820245
              ],
              [
                120.2945184,
                22.5820472
              ],
              [
                120.2942378,
                22.5818372
              ],
              [
                120.2941134,
                22.5819789
              ],
              [
                120.2948338,
                22.5825227
              ],
              [
                120.2948151,
                22.5825445
              ],
              [
                120.2940828,
                22.5819913
              ],
              [
                120.2938588,
                22.582238
              ],
              [
                120.2940255,
                22.5823689
              ],
              [
                120.294014,
                22.5823808
              ],
              [
                120.2938247,
                22.5822311
              ],
              [
                120.2936391,
                22.5824512
              ],
              [
                120.2941606,
                22.5827758
              ],
              [
                120.2941364,
                22.5828111
              ],
              [
                120.2935381,
                22.5824537
              ],
              [
                120.2934404,
                22.5825931
              ],
              [
                120.2945018,
                22.5832134
              ],
              [
                120.2944815,
                22.5832476
              ],
              [
                120.2934217,
                22.5826344
              ],
              [
                120.2932364,
                22.5829414
              ],
              [
                120.2942509,
                22.5835211
              ],
              [
                120.2941868,
                22.583611
              ],
              [
                120.2936813,
                22.5833404
              ],
              [
                120.2931758,
                22.583034
              ],
              [
                120.2930055,
                22.5833253
              ],
              [
                120.2939776,
                22.5838869
              ],
              [
                120.2939226,
                22.5839717
              ],
              [
                120.2929456,
                22.5834189
              ],
              [
                120.2927459,
                22.5837517
              ],
              [
                120.2936761,
                22.5842708
              ],
              [
                120.2936519,
                22.5843102
              ],
              [
                120.292238,
                22.5835329
              ],
              [
                120.2921771,
                22.5836267
              ],
              [
                120.2927719,
                22.5839559
              ],
              [
                120.2927081,
                22.5840527
              ],
              [
                120.2935294,
                22.5845019
              ],
              [
                120.2935125,
                22.5845283
              ],
              [
                120.2932544,
                22.5843921
              ],
              [
                120.2932394,
                22.5844158
              ],
              [
                120.2921014,
                22.5837533
              ],
              [
                120.2920632,
                22.5838118
              ],
              [
                120.2923363,
                22.5839636
              ],
              [
                120.2922834,
                22.5840507
              ],
              [
                120.2921226,
                22.5839625
              ],
              [
                120.2920533,
                22.5840762
              ],
              [
                120.29225,
                22.5841841
              ],
              [
                120.2921953,
                22.5842695
              ],
              [
                120.2929131,
                22.5846912
              ],
              [
                120.2928962,
                22.5847158
              ],
              [
                120.2923113,
                22.5843737
              ],
              [
                120.2922092,
                22.5845222
              ],
              [
                120.292771,
                22.5848533
              ],
              [
                120.2927473,
                22.5848875
              ],
              [
                120.2923853,
                22.5846848
              ],
              [
                120.2922776,
                22.5848471
              ],
              [
                120.2925414,
                22.5849929
              ],
              [
                120.2925132,
                22.5850342
              ],
              [
                120.2926051,
                22.5850845
              ],
              [
                120.2924529,
                22.5853148
              ],
              [
                120.2923645,
                22.5852642
              ],
              [
                120.2921768,
                22.5855642
              ],
              [
                120.2923353,
                22.5856502
              ],
              [
                120.291956,
                22.5862644
              ],
              [
                120.2913624,
                22.5859525
              ],
              [
                120.2912525,
                22.5861372
              ],
              [
                120.2917122,
                22.5863838
              ],
              [
                120.2915384,
                22.5866831
              ],
              [
                120.2912937,
                22.5863551
              ],
              [
                120.2913131,
                22.5863361
              ],
              [
                120.2912342,
                22.5862088
              ],
              [
                120.2909065,
                22.586035
              ],
              [
                120.29085,
                22.5859466
              ],
              [
                120.2902339,
                22.5856173
              ],
              [
                120.2901473,
                22.5857737
              ],
              [
                120.2904045,
                22.5860101
              ],
              [
                120.2906967,
                22.5873769
              ],
              [
                120.2893573,
                22.5886043
              ],
              [
                120.28839,
                22.58928
              ],
              [
                120.2880604,
                22.5897997
              ],
              [
                120.2888288,
                22.5902428
              ],
              [
                120.288726,
                22.5903962
              ],
              [
                120.2876126,
                22.5897799
              ],
              [
                120.2871005,
                22.5905857
              ],
              [
                120.2879359,
                22.5910649
              ],
              [
                120.2875727,
                22.5916249
              ],
              [
                120.2867332,
                22.5911441
              ],
              [
                120.2861754,
                22.5920143
              ],
              [
                120.2877372,
                22.5928678
              ],
              [
                120.2878441,
                22.5926968
              ],
              [
                120.2880143,
                22.5928
              ],
              [
                120.2877714,
                22.5931957
              ],
              [
                120.28658,
                22.5925328
              ],
              [
                120.2859309,
                22.5935379
              ],
              [
                120.2870388,
                22.5941348
              ],
              [
                120.2873884,
                22.5935983
              ],
              [
                120.2874693,
                22.5936494
              ],
              [
                120.2863417,
                22.5954151
              ],
              [
                120.2862694,
                22.5953664
              ],
              [
                120.2869343,
                22.5943079
              ],
              [
                120.2854376,
                22.5934877
              ],
              [
                120.2837763,
                22.5960757
              ],
              [
                120.2852784,
                22.5969092
              ],
              [
                120.285871,
                22.5959732
              ],
              [
                120.2859594,
                22.5960238
              ],
              [
                120.2844668,
                22.5983574
              ],
              [
                120.2843769,
                22.5983063
              ],
              [
                120.285174,
                22.5970648
              ],
              [
                120.2840969,
                22.5964719
              ],
              [
                120.2834021,
                22.5975495
              ],
              [
                120.2838472,
                22.5978022
              ],
              [
                120.2837005,
                22.5980392
              ],
              [
                120.2833326,
                22.5978326
              ],
              [
                120.2830417,
                22.5983004
              ],
              [
                120.2830354,
                22.5986584
              ],
              [
                120.2832383,
                22.598777
              ],
              [
                120.2832059,
                22.5988227
              ],
              [
                120.2830044,
                22.5987098
              ],
              [
                120.2825513,
                22.5994118
              ],
              [
                120.2825654,
                22.5997222
              ],
              [
                120.2832482,
                22.6000819
              ],
              [
                120.2839857,
                22.5989195
              ],
              [
                120.2840713,
                22.5989646
              ],
              [
                120.2832943,
                22.6002174
              ],
              [
                120.2824639,
                22.5997835
              ],
              [
                120.2822947,
                22.5994085
              ],
              [
                120.2832523,
                22.5964442
              ],
              [
                120.2828493,
                22.5962241
              ],
              [
                120.2840779,
                22.5942955
              ],
              [
                120.2839752,
                22.5940996
              ],
              [
                120.2837768,
                22.5939528
              ],
              [
                120.2832908,
                22.5945867
              ],
              [
                120.2823101,
                22.5954799
              ],
              [
                120.28174,
                22.5965
              ],
              [
                120.2814599,
                22.59675
              ],
              [
                120.2814399,
                22.59753
              ],
              [
                120.28116,
                22.5977801
              ],
              [
                120.28113,
                22.59932
              ],
              [
                120.2812121,
                22.5996937
              ],
              [
                120.2815438,
                22.5998921
              ],
              [
                120.2814959,
                22.5999749
              ],
              [
                120.2824505,
                22.6006315
              ],
              [
                120.2805677,
                22.603829
              ],
              [
                120.2804718,
                22.6038063
              ],
              [
                120.2803251,
                22.6026514
              ],
              [
                120.2796406,
                22.602741
              ],
              [
                120.2796281,
                22.6026483
              ],
              [
                120.2803285,
                22.6025525
              ],
              [
                120.2811464,
                22.6007238
              ],
              [
                120.2801244,
                22.6002579
              ],
              [
                120.2791569,
                22.6016049
              ],
              [
                120.2800771,
                22.6021855
              ],
              [
                120.2800175,
                22.6022596
              ],
              [
                120.2790955,
                22.6016935
              ],
              [
                120.2784548,
                22.6025434
              ],
              [
                120.2783601,
                22.6025647
              ],
              [
                120.2776248,
                22.603589
              ],
              [
                120.2796591,
                22.6063146
              ],
              [
                120.2784465,
                22.6082274
              ],
              [
                120.2781493,
                22.6083976
              ],
              [
                120.2772445,
                22.6069367
              ],
              [
                120.2768526,
                22.6071549
              ],
              [
                120.276794,
                22.6070777
              ],
              [
                120.2766266,
                22.6071791
              ],
              [
                120.2773699,
                22.608418
              ],
              [
                120.2770604,
                22.6085782
              ],
              [
                120.2764299,
                22.6075214
              ],
              [
                120.2763659,
                22.6075547
              ],
              [
                120.2762487,
                22.6073736
              ],
              [
                120.2757831,
                22.6076057
              ],
              [
                120.2754298,
                22.6070334
              ],
              [
                120.2751791,
                22.6071731
              ],
              [
                120.2768328,
                22.6098619
              ],
              [
                120.27488070006204,
                22.61088518140085
              ],
              [
                120.27468484815438,
                22.610592423928406
              ],
              [
                120.2748817,
                22.610465
              ],
              [
                120.2740027,
                22.6090188
              ],
              [
                120.2738763,
                22.6089291
              ],
              [
                120.2740139,
                22.608636
              ],
              [
                120.2740022,
                22.6085564
              ],
              [
                120.2739488,
                22.6085348
              ],
              [
                120.2738787,
                22.6085764
              ],
              [
                120.2738002,
                22.6086873
              ],
              [
                120.2737235,
                22.6087104
              ],
              [
                120.2736234,
                22.6088285
              ],
              [
                120.2735185,
                22.6087438
              ],
              [
                120.2726939,
                22.6098658
              ],
              [
                120.2726418,
                22.6098276
              ],
              [
                120.2721625,
                22.6104808
              ],
              [
                120.2717673,
                22.6102417
              ],
              [
                120.2716965,
                22.6103341
              ],
              [
                120.2720931,
                22.6105856
              ],
              [
                120.2713761,
                22.6115469
              ],
              [
                120.2712773,
                22.6114915
              ],
              [
                120.2710183,
                22.6119574
              ],
              [
                120.271021,
                22.6121521
              ],
              [
                120.2710717,
                22.612215
              ],
              [
                120.2710931,
                22.6123062
              ],
              [
                120.2711705,
                22.6123629
              ],
              [
                120.2711469,
                22.6124208
              ],
              [
                120.2712954,
                22.6125249
              ],
              [
                120.2717898,
                22.6121581
              ],
              [
                120.2718682,
                22.6122762
              ],
              [
                120.2741601,
                22.6108927
              ],
              [
                120.274702,
                22.6116472
              ],
              [
                120.2716836,
                22.613477
              ],
              [
                120.2712304,
                22.6129691
              ],
              [
                120.2713833,
                22.6128861
              ],
              [
                120.2711408,
                22.6126923
              ],
              [
                120.2711757,
                22.6126521
              ],
              [
                120.2707887,
                22.6123912
              ],
              [
                120.2707486,
                22.6123888
              ],
              [
                120.269818,
                22.6135609
              ],
              [
                120.2700303,
                22.6136965
              ],
              [
                120.2709369,
                22.6131912
              ],
              [
                120.2709542,
                22.6132138
              ],
              [
                120.2707985,
                22.6133039
              ],
              [
                120.2709162,
                22.6134739
              ],
              [
                120.270451,
                22.61375
              ],
              [
                120.2701024,
                22.6136979
              ],
              [
                120.2700354,
                22.6137424
              ],
              [
                120.2699816,
                22.6137018
              ],
              [
                120.2696284,
                22.6141839
              ],
              [
                120.2694549,
                22.6142444
              ],
              [
                120.2693122,
                22.6142518
              ],
              [
                120.2693619,
                22.6143737
              ],
              [
                120.2693961,
                22.6143619
              ],
              [
                120.2694056,
                22.614385
              ],
              [
                120.2693188,
                22.614422
              ],
              [
                120.2692747,
                22.6143335
              ],
              [
                120.2675065,
                22.6150547
              ],
              [
                120.2663095,
                22.61517
              ],
              [
                120.2661643,
                22.6157527
              ],
              [
                120.2646673,
                22.6163043
              ],
              [
                120.2646165,
                22.6161706
              ],
              [
                120.2644242,
                22.6161331
              ],
              [
                120.26346925950034,
                22.61515454907641
              ],
              [
                120.2633079,
                22.6148005
              ],
              [
                120.2630841,
                22.6144118
              ],
              [
                120.2625846,
                22.6139174
              ],
              [
                120.2615878,
                22.6145355
              ],
              [
                120.2615702,
                22.6145105
              ],
              [
                120.2609393,
                22.6148981
              ],
              [
                120.2609588,
                22.6149117
              ],
              [
                120.2607354,
                22.6150797
              ],
              [
                120.2607141,
                22.6150605
              ],
              [
                120.2605594,
                22.6151599
              ],
              [
                120.260529,
                22.6151288
              ],
              [
                120.2602965,
                22.6152879
              ],
              [
                120.259863,
                22.6155166
              ],
              [
                120.2598509,
                22.6155029
              ],
              [
                120.2590126,
                22.6159785
              ],
              [
                120.2590249,
                22.6160011
              ],
              [
                120.2587753,
                22.6161429
              ],
              [
                120.2587913,
                22.6161612
              ],
              [
                120.2582052,
                22.6165814
              ],
              [
                120.2582395,
                22.6166124
              ],
              [
                120.2580499,
                22.6167635
              ],
              [
                120.2580306,
                22.6167416
              ],
              [
                120.2576915,
                22.6169982
              ],
              [
                120.2578083,
                22.6171125
              ],
              [
                120.2576364,
                22.6172552
              ],
              [
                120.2575091,
                22.6171433
              ],
              [
                120.257454,
                22.6171862
              ],
              [
                120.2574331,
                22.6171644
              ],
              [
                120.2561694,
                22.617807
              ],
              [
                120.2561136,
                22.617718
              ],
              [
                120.2573995,
                22.6170697
              ],
              [
                120.2579307,
                22.616632
              ],
              [
                120.2579509,
                22.616651
              ],
              [
                120.2581378,
                22.6165112
              ],
              [
                120.2581614,
                22.6165185
              ],
              [
                120.2587899,
                22.6160746
              ],
              [
                120.2587786,
                22.6160509
              ],
              [
                120.25941,
                22.6156652
              ],
              [
                120.2602521,
                22.6152274
              ],
              [
                120.2608769,
                22.6148133
              ],
              [
                120.2609123,
                22.6148557
              ],
              [
                120.2615401,
                22.6144677
              ],
              [
                120.2615237,
                22.6144444
              ],
              [
                120.2628749,
                22.6135785
              ],
              [
                120.2631223,
                22.6131608
              ],
              [
                120.2632752,
                22.6128499
              ],
              [
                120.2633036,
                22.6127384
              ],
              [
                120.2632954,
                22.6125279
              ],
              [
                120.2634159,
                22.6122456
              ],
              [
                120.2632703,
                22.6121878
              ],
              [
                120.2632622,
                22.6120778
              ],
              [
                120.2633165,
                22.6119609
              ],
              [
                120.2633821,
                22.61192
              ],
              [
                120.2633214,
                22.6118282
              ],
              [
                120.2634165,
                22.6117128
              ],
              [
                120.2634311,
                22.6116014
              ],
              [
                120.2631459,
                22.6114979
              ],
              [
                120.262973,
                22.6112023
              ],
              [
                120.2631929,
                22.6109257
              ],
              [
                120.2631251,
                22.610739
              ],
              [
                120.2632308,
                22.6103471
              ],
              [
                120.263459,
                22.6103958
              ],
              [
                120.2637863,
                22.6107688
              ],
              [
                120.2642016,
                22.6114935
              ],
              [
                120.264567,
                22.6114893
              ],
              [
                120.2649337,
                22.6114434
              ],
              [
                120.2653853,
                22.6111884
              ],
              [
                120.2656451,
                22.6109272
              ],
              [
                120.266569,
                22.6098371
              ],
              [
                120.2666841,
                22.6094828
              ],
              [
                120.2672992,
                22.6084758
              ],
              [
                120.2677247,
                22.6079383
              ],
              [
                120.2683987,
                22.6072416
              ],
              [
                120.268895,
                22.607048
              ],
              [
                120.2698119,
                22.6061174
              ],
              [
                120.2706607,
                22.6050679
              ],
              [
                120.2720271,
                22.602946
              ],
              [
                120.2725117,
                22.6022431
              ],
              [
                120.2728033,
                22.6019389
              ],
              [
                120.2730712,
                22.6015513
              ],
              [
                120.2733484,
                22.6013058
              ],
              [
                120.2735089,
                22.6010126
              ],
              [
                120.2736812,
                22.6007611
              ],
              [
                120.273743,
                22.6004779
              ],
              [
                120.2736521,
                22.6000683
              ],
              [
                120.2734141,
                22.5996815
              ],
              [
                120.2736102,
                22.5995263
              ],
              [
                120.2737944,
                22.5995271
              ],
              [
                120.2742554,
                22.6001875
              ],
              [
                120.2744521,
                22.6003137
              ],
              [
                120.2746259,
                22.6002175
              ],
              [
                120.2753366,
                22.5993155
              ],
              [
                120.2758585,
                22.5986952
              ],
              [
                120.2762932,
                22.5981337
              ],
              [
                120.2766087,
                22.5976644
              ],
              [
                120.2770283,
                22.5971617
              ],
              [
                120.2773001,
                22.5966801
              ],
              [
                120.2776419,
                22.5961732
              ],
              [
                120.2784399,
                22.5951599
              ],
              [
                120.27858,
                22.5950299
              ],
              [
                120.2790099,
                22.5944
              ],
              [
                120.27958,
                22.59364
              ],
              [
                120.2797265,
                22.5933702
              ],
              [
                120.2798188,
                22.5932666
              ],
              [
                120.2798701,
                22.5931301
              ],
              [
                120.28015,
                22.59287
              ],
              [
                120.2804399,
                22.5923599
              ],
              [
                120.28129,
                22.5913501
              ],
              [
                120.28185,
                22.59084
              ],
              [
                120.28214,
                22.59033
              ],
              [
                120.2827,
                22.58983
              ],
              [
                120.2829901,
                22.58932
              ],
              [
                120.2833532,
                22.5888355
              ],
              [
                120.2845049,
                22.5876233
              ],
              [
                120.2846394,
                22.5874212
              ],
              [
                120.2849701,
                22.5870399
              ],
              [
                120.28526,
                22.58653
              ],
              [
                120.28582,
                22.5860201
              ],
              [
                120.28583,
                22.58577
              ],
              [
                120.2860077,
                22.5853881
              ],
              [
                120.2859801,
                22.5853799
              ],
              [
                120.2861199,
                22.5852599
              ],
              [
                120.2864,
                22.58475
              ],
              [
                120.2865401,
                22.58462
              ],
              [
                120.2868729,
                22.5844055
              ],
              [
                120.2873111,
                22.58398
              ],
              [
                120.2883324,
                22.5829826
              ],
              [
                120.2892579,
                22.5819609
              ],
              [
                120.2900801,
                22.5809545
              ],
              [
                120.2916322,
                22.5791571
              ],
              [
                120.2940633,
                22.5760828
              ],
              [
                120.2952522,
                22.5746515
              ],
              [
                120.2957601,
                22.57384
              ],
              [
                120.2963558,
                22.5732487
              ],
              [
                120.29774,
                22.5715601
              ],
              [
                120.29803,
                22.57105
              ],
              [
                120.2983101,
                22.5707901
              ],
              [
                120.2990199,
                22.5697701
              ],
              [
                120.29973,
                22.56928
              ],
              [
                120.2998701,
                22.56915
              ],
              [
                120.30059,
                22.5680101
              ],
              [
                120.30171,
                22.5670001
              ],
              [
                120.302007,
                22.5665476
              ],
              [
                120.3024709,
                22.5660129
              ],
              [
                120.3026004,
                22.5656732
              ],
              [
                120.3031406,
                22.5652363
              ],
              [
                120.3034145,
                22.5648485
              ],
              [
                120.3035662,
                22.5643718
              ],
              [
                120.3036884,
                22.5636063
              ],
              [
                120.3038844,
                22.561148
              ],
              [
                120.3039879,
                22.5609541
              ],
              [
                120.3048901,
                22.55985
              ],
              [
                120.30726281469342,
                22.557336508969048
              ],
              [
                120.3073284,
                22.5575541
              ],
              [
                120.3080311,
                22.5580545
              ],
              [
                120.3081813,
                22.5580842
              ],
              [
                120.3088975,
                22.5578093
              ],
              [
                120.3088975,
                22.5576879
              ]
            ]
          ],
          [
            [
              [
                120.36,
                22.55
              ],
              [
                120.35968099808483,
                22.55
              ],
              [
                120.3599328,
                22.5501779
              ],
              [
                120.36,
                22.550096740333583
              ],
              [
                120.36,
                22.55
              ]
            ]
          ],
          [
            [
              [
                120.36,
                22.550440313548386
              ],
              [
                120.36,
                22.550338625175545
              ],
              [
                120.35952309879403,
                22.55
              ],
              [
                120.35943750084355,
                22.55
              ],
              [
                120.3592522,
                22.5502226
              ],
              [
                120.3598362,
                22.5506371
              ],
              [
                120.36,
                22.550440313548386
              ]
            ]
          ],
          [
            [
              [
                120.3546248,
                22.6721609
              ],
              [
                120.3552515,
                22.6710274
              ],
              [
                120.3555652,
                22.6699702
              ],
              [
                120.3558675,
                22.6694667
              ],
              [
                120.3559849,
                22.6692264
              ],
              [
                120.3562024,
                22.668423
              ],
              [
                120.3562514,
                22.6683128
              ],
              [
                120.3568584,
                22.6675078
              ],
              [
                120.3569219,
                22.6672721
              ],
              [
                120.3569001,
                22.6670412
              ],
              [
                120.3569441,
                22.6669914
              ],
              [
                120.3578781,
                22.66674
              ],
              [
                120.358032,
                22.6666287
              ],
              [
                120.358165,
                22.6664127
              ],
              [
                120.3582153,
                22.6662825
              ],
              [
                120.3582157,
                22.6661528
              ],
              [
                120.3581344,
                22.6658785
              ],
              [
                120.3581231,
                22.6656857
              ],
              [
                120.358162,
                22.6654828
              ],
              [
                120.358346,
                22.6650246
              ],
              [
                120.3588037,
                22.6645286
              ],
              [
                120.3588622,
                22.6644993
              ],
              [
                120.3589909,
                22.6644899
              ],
              [
                120.3594782,
                22.664683
              ],
              [
                120.3597526,
                22.6647264
              ],
              [
                120.36,
                22.66473709567086
              ],
              [
                120.36,
                22.664592856746914
              ],
              [
                120.3597494,
                22.6645774
              ],
              [
                120.3595945,
                22.664542
              ],
              [
                120.358987,
                22.6643052
              ],
              [
                120.3588701,
                22.6642998
              ],
              [
                120.3587061,
                22.6643652
              ],
              [
                120.3583485,
                22.6647145
              ],
              [
                120.3581571,
                22.664947
              ],
              [
                120.3581073,
                22.6650397
              ],
              [
                120.3579319,
                22.6655324
              ],
              [
                120.357911,
                22.6657168
              ],
              [
                120.3579251,
                22.6658701
              ],
              [
                120.3580055,
                22.666256
              ],
              [
                120.3578979,
                22.6664696
              ],
              [
                120.3578242,
                22.6665585
              ],
              [
                120.357719,
                22.6666147
              ],
              [
                120.3569062,
                22.6668116
              ],
              [
                120.3567352,
                22.6669448
              ],
              [
                120.3567078,
                22.6670258
              ],
              [
                120.3567053,
                22.6673714
              ],
              [
                120.3560635,
                22.66825
              ],
              [
                120.3559948,
                22.6684182
              ],
              [
                120.3558071,
                22.6691881
              ],
              [
                120.3553752,
                22.6699297
              ],
              [
                120.355035,
                22.671014
              ],
              [
                120.3544886,
                22.6719905
              ],
              [
                120.3544301,
                22.6721597
              ],
              [
                120.354271,
                22.673166
              ],
              [
                120.3541878,
                22.6732764
              ],
              [
                120.3533656,
                22.6739955
              ],
              [
                120.3518161,
                22.6760619
              ],
              [
                120.3505886,
                22.6779347
              ],
              [
                120.3494842,
                22.6797444
              ],
              [
                120.34939178017953,
                22.68
              ],
              [
                120.34966347900229,
                22.68
              ],
              [
                120.3501273,
                22.6791128
              ],
              [
                120.3521723,
                22.675965
              ],
              [
                120.3536925,
                22.6739795
              ],
              [
                120.3543881,
                22.6733353
              ],
              [
                120.3544668,
                22.6731971
              ],
              [
                120.3545003,
                22.6730349
              ],
              [
                120.3546248,
                22.6721609
              ]
            ]
          ],
          [
            [
              [
                120.3580784,
                22.6458816
              ],
              [
                120.3577909,
                22.6460781
              ],
              [
                120.3577268,
                22.6461691
              ],
              [
                120.3577348,
                22.6462891
              ],
              [
                120.357682,
                22.6464444
              ],
              [
                120.3577252,
                22.6465262
              ],
              [
                120.3577834,
                22.6465898
              ],
              [
                120.3581514,
                22.6467601
              ],
              [
                120.3583591,
                22.6467145
              ],
              [
                120.3584209,
                22.6466043
              ],
              [
                120.3584332,
                22.6465007
              ],
              [
                120.358479,
                22.6463882
              ],
              [
                120.3584771,
                22.6462839
              ],
              [
                120.3585293,
                22.6461608
              ],
              [
                120.3584685,
                22.6461117
              ],
              [
                120.35849,
                22.6460538
              ],
              [
                120.3584811,
                22.6458502
              ],
              [
                120.3585046,
                22.6458005
              ],
              [
                120.358492,
                22.6456977
              ],
              [
                120.3584356,
                22.6456929
              ],
              [
                120.3583376,
                22.6456048
              ],
              [
                120.3583325,
                22.6455682
              ],
              [
                120.3582679,
                22.6455325
              ],
              [
                120.3580751,
                22.6455477
              ],
              [
                120.3579774,
                22.6455886
              ],
              [
                120.3579885,
                22.6457003
              ],
              [
                120.3580716,
                22.6457355
              ],
              [
                120.3581033,
                22.6458223
              ],
              [
                120.3580784,
                22.6458816
              ]
            ]
          ],
          [
            [
              [
                120.3579772,
                22.6448195
              ],
              [
                120.3582812,
                22.6447384
              ],
              [
                120.3584392,
                22.6446513
              ],
              [
                120.3580035,
                22.6434831
              ],
              [
                120.3578419,
                22.6435713
              ],
              [
                120.3579154,
                22.6438554
              ],
              [
                120.3577267,
                22.6440135
              ],
              [
                120.3579772,
                22.6448195
              ]
            ]
          ],
          [
            [
              [
                120.3582652,
                22.6572968
              ],
              [
                120.3581893,
                22.6570479
              ],
              [
                120.3582022,
                22.6567667
              ],
              [
                120.3580177,
                22.6567139
              ],
              [
                120.357964,
                22.6567376
              ],
              [
                120.3579453,
                22.6567958
              ],
              [
                120.3578286,
                22.6567882
              ],
              [
                120.3580189,
                22.6571309
              ],
              [
                120.3580913,
                22.6572063
              ],
              [
                120.3582652,
                22.6572968
              ]
            ]
          ],
          [
            [
              [
                120.3580746,
                22.6478287
              ],
              [
                120.358067,
                22.6477429
              ],
              [
                120.358031,
                22.6476869
              ],
              [
                120.3579191,
                22.6476274
              ],
              [
                120.3577788,
                22.6476239
              ],
              [
                120.3576782,
                22.6477079
              ],
              [
                120.3576555,
                22.6477692
              ],
              [
                120.3577996,
                22.6479302
              ],
              [
                120.3579039,
                22.647918
              ],
              [
                120.3579305,
                22.6479582
              ],
              [
                120.3580746,
                22.6478287
              ]
            ]
          ],
          [
            [
              [
                120.3571159,
                22.5651516
              ],
              [
                120.3571835,
                22.5651541
              ],
              [
                120.3571858,
                22.5650503
              ],
              [
                120.3570687,
                22.5650096
              ],
              [
                120.3569872,
                22.5650369
              ],
              [
                120.357001,
                22.5651043
              ],
              [
                120.357074,
                22.5651146
              ],
              [
                120.3570931,
                22.5650752
              ],
              [
                120.3571159,
                22.5651516
              ]
            ]
          ],
          [
            [
              [
                120.3561027,
                22.6309111
              ],
              [
                120.3570293,
                22.630851
              ],
              [
                120.3570293,
                22.6307683
              ],
              [
                120.356969,
                22.6307488
              ],
              [
                120.3568616,
                22.6307653
              ],
              [
                120.3567459,
                22.6308209
              ],
              [
                120.3561776,
                22.630842
              ],
              [
                120.3561532,
                22.6307533
              ],
              [
                120.3562314,
                22.6306421
              ],
              [
                120.3562356,
                22.6304989
              ],
              [
                120.3561886,
                22.6304253
              ],
              [
                120.356203,
                22.6303726
              ],
              [
                120.3561482,
                22.6303716
              ],
              [
                120.3560897,
                22.6308555
              ],
              [
                120.3561027,
                22.6309111
              ]
            ]
          ],
          [
            [
              [
                120.3563508,
                22.596966
              ],
              [
                120.3563642,
                22.596805
              ],
              [
                120.3563293,
                22.5967258
              ],
              [
                120.3557473,
                22.5967159
              ],
              [
                120.355691,
                22.5967654
              ],
              [
                120.3556615,
                22.5971072
              ],
              [
                120.355691,
                22.5971641
              ],
              [
                120.3558144,
                22.597174
              ],
              [
                120.3562542,
                22.5971468
              ],
              [
                120.3568658,
                22.5971517
              ],
              [
                120.356898,
                22.5968298
              ],
              [
                120.3568819,
                22.596758
              ],
              [
                120.3564635,
                22.5967456
              ],
              [
                120.3564474,
                22.5968199
              ],
              [
                120.3564661,
                22.5969091
              ],
              [
                120.3564447,
                22.5969685
              ],
              [
                120.3565627,
                22.596971
              ],
              [
                120.3565895,
                22.5970304
              ],
              [
                120.3561094,
                22.5970304
              ],
              [
                120.3560289,
                22.5970007
              ],
              [
                120.3560772,
                22.5969586
              ],
              [
                120.3563508,
                22.596966
              ]
            ]
          ],
          [
            [
              [
                120.3568187,
                22.6221087
              ],
              [
                120.3568331,
                22.6220409
              ],
              [
                120.3567841,
                22.6220196
              ],
              [
                120.3566487,
                22.6221446
              ],
              [
                120.3567423,
                22.6221739
              ],
              [
                120.3568187,
                22.6221087
              ]
            ]
          ],
          [
            [
              [
                120.3563901,
                22.6276058
              ],
              [
                120.3563415,
                22.6283008
              ],
              [
                120.3563006,
                22.628419
              ],
              [
                120.3563166,
                22.6285405
              ],
              [
                120.3562856,
                22.6289807
              ],
              [
                120.3563239,
                22.6289801
              ],
              [
                120.3563682,
                22.6285537
              ],
              [
                120.3564127,
                22.6284436
              ],
              [
                120.3563895,
                22.6282909
              ],
              [
                120.3564301,
                22.6276415
              ],
              [
                120.3563619,
                22.6273657
              ],
              [
                120.3563295,
                22.6273657
              ],
              [
                120.3563901,
                22.6276058
              ]
            ]
          ],
          [
            [
              [
                120.3561707,
                22.6303212
              ],
              [
                120.3562238,
                22.6303209
              ],
              [
                120.3562586,
                22.6298078
              ],
              [
                120.3562356,
                22.6297964
              ],
              [
                120.3562387,
                22.6297602
              ],
              [
                120.3562709,
                22.6297602
              ],
              [
                120.3563087,
                22.6291025
              ],
              [
                120.3562744,
                22.6291035
              ],
              [
                120.3562065,
                22.630085
              ],
              [
                120.3561707,
                22.6303212
              ]
            ]
          ],
          [
            [
              [
                120.3549731,
                22.6685387
              ],
              [
                120.3550242,
                22.6685033
              ],
              [
                120.3551136,
                22.6683187
              ],
              [
                120.3551094,
                22.6682283
              ],
              [
                120.3550711,
                22.6681733
              ],
              [
                120.3549987,
                22.6681615
              ],
              [
                120.3549178,
                22.6682401
              ],
              [
                120.3549008,
                22.668303
              ],
              [
                120.354888,
                22.668468
              ],
              [
                120.3549135,
                22.6685348
              ],
              [
                120.3549731,
                22.6685387
              ]
            ]
          ],
          [
            [
              [
                120.3547026,
                22.6235238
              ],
              [
                120.3546036,
                22.6235352
              ],
              [
                120.3544629,
                22.6236109
              ],
              [
                120.3545287,
                22.6236461
              ],
              [
                120.3547242,
                22.623558
              ],
              [
                120.3547026,
                22.6235238
              ]
            ]
          ],
          [
            [
              [
                120.354283,
                22.6522494
              ],
              [
                120.3542655,
                22.652311
              ],
              [
                120.3542787,
                22.6523736
              ],
              [
                120.3543812,
                22.6524541
              ],
              [
                120.3544503,
                22.6524561
              ],
              [
                120.3545582,
                22.6523818
              ],
              [
                120.3545757,
                22.6523201
              ],
              [
                120.3545624,
                22.6522576
              ],
              [
                120.3544599,
                22.652177
              ],
              [
                120.3543277,
                22.6522008
              ],
              [
                120.354283,
                22.6522494
              ]
            ]
          ],
          [
            [
              [
                120.354092,
                22.6517795
              ],
              [
                120.3540578,
                22.6518406
              ],
              [
                120.3540584,
                22.6519094
              ],
              [
                120.3540936,
                22.6519701
              ],
              [
                120.3541553,
                22.6520088
              ],
              [
                120.3542293,
                22.6520165
              ],
              [
                120.3542988,
                22.6519916
              ],
              [
                120.3543478,
                22.6519398
              ],
              [
                120.3543651,
                22.6518729
              ],
              [
                120.3543467,
                22.6518062
              ],
              [
                120.3542968,
                22.651755
              ],
              [
                120.3542269,
                22.6517311
              ],
              [
                120.354153,
                22.65174
              ],
              [
                120.354092,
                22.6517795
              ]
            ]
          ],
          [
            [
              [
                120.3535979,
                22.6678904
              ],
              [
                120.3535979,
                22.6679533
              ],
              [
                120.3535085,
                22.6681104
              ],
              [
                120.3530274,
                22.6681419
              ],
              [
                120.3529933,
                22.6682283
              ],
              [
                120.3530061,
                22.6683069
              ],
              [
                120.3532488,
                22.6683737
              ],
              [
                120.3533424,
                22.6683697
              ],
              [
                120.3533935,
                22.6683383
              ],
              [
                120.3535894,
                22.6683265
              ],
              [
                120.3536745,
                22.6682872
              ],
              [
                120.3537341,
                22.6682401
              ],
              [
                120.353781,
                22.6681615
              ],
              [
                120.3538108,
                22.6679454
              ],
              [
                120.3537937,
                22.6678747
              ],
              [
                120.3537341,
                22.6678511
              ],
              [
                120.3536618,
                22.6678511
              ],
              [
                120.3535979,
                22.6678904
              ]
            ]
          ],
          [
            [
              [
                120.3529986,
                22.5550896
              ],
              [
                120.3525555,
                22.5547648
              ],
              [
                120.3524803,
                22.5547685
              ],
              [
                120.3514188,
                22.5560369
              ],
              [
                120.3514667,
                22.5560698
              ],
              [
                120.3513992,
                22.5561403
              ],
              [
                120.3518725,
                22.5564825
              ],
              [
                120.3519164,
                22.5564605
              ],
              [
                120.3529864,
                22.5551797
              ],
              [
                120.3529986,
                22.5550896
              ]
            ]
          ],
          [
            [
              [
                120.352197,
                22.650873
              ],
              [
                120.3521611,
                22.6508548
              ],
              [
                120.3517885,
                22.6509854
              ],
              [
                120.3511006,
                22.6513094
              ],
              [
                120.35102,
                22.6513987
              ],
              [
                120.3509143,
                22.6514648
              ],
              [
                120.3510128,
                22.6516616
              ],
              [
                120.351011,
                22.6517525
              ],
              [
                120.3509752,
                22.6519013
              ],
              [
                120.3508874,
                22.6520831
              ],
              [
                120.3507495,
                22.6522022
              ],
              [
                120.3507692,
                22.6522468
              ],
              [
                120.3510523,
                22.6523443
              ],
              [
                120.3512242,
                22.6525163
              ],
              [
                120.3512851,
                22.652546
              ],
              [
                120.351321,
                22.6525245
              ],
              [
                120.3513568,
                22.6523394
              ],
              [
                120.3521056,
                22.6510879
              ],
              [
                120.352197,
                22.650873
              ]
            ]
          ],
          [
            [
              [
                120.3518097,
                22.6701502
              ],
              [
                120.3518268,
                22.6702091
              ],
              [
                120.3518949,
                22.6702759
              ],
              [
                120.3519758,
                22.670268
              ],
              [
                120.3520907,
                22.6700795
              ],
              [
                120.3521418,
                22.6699066
              ],
              [
                120.3521418,
                22.6698202
              ],
              [
                120.3519332,
                22.6698123
              ],
              [
                120.3518608,
                22.6698516
              ],
              [
                120.3518566,
                22.669942
              ],
              [
                120.3519034,
                22.6700559
              ],
              [
                120.3518097,
                22.6701502
              ]
            ]
          ],
          [
            [
              [
                120.351912,
                22.6008793
              ],
              [
                120.351869,
                22.6008286
              ],
              [
                120.3517966,
                22.6008286
              ],
              [
                120.3517846,
                22.6008607
              ],
              [
                120.3517966,
                22.6009016
              ],
              [
                120.3518905,
                22.6009016
              ],
              [
                120.351912,
                22.6008793
              ]
            ]
          ],
          [
            [
              [
                120.3514831,
                22.5555947
              ],
              [
                120.35151,
                22.5554768
              ],
              [
                120.351494,
                22.5553572
              ],
              [
                120.3514367,
                22.5552489
              ],
              [
                120.3513443,
                22.5551638
              ],
              [
                120.351227,
                22.555111
              ],
              [
                120.3510975,
                22.5550964
              ],
              [
                120.3509698,
                22.5551214
              ],
              [
                120.3508584,
                22.5551832
              ],
              [
                120.3507746,
                22.555275
              ],
              [
                120.3507276,
                22.5553868
              ],
              [
                120.3507224,
                22.5555068
              ],
              [
                120.3507595,
                22.5556218
              ],
              [
                120.350835,
                22.5557195
              ],
              [
                120.3509407,
                22.5557893
              ],
              [
                120.3510652,
                22.5558237
              ],
              [
                120.351195,
                22.555819
              ],
              [
                120.3513162,
                22.5557757
              ],
              [
                120.351416,
                22.5556981
              ],
              [
                120.3514831,
                22.5555947
              ]
            ]
          ],
          [
            [
              [
                120.3508788,
                22.6529582
              ],
              [
                120.3509392,
                22.6527826
              ],
              [
                120.3510579,
                22.6526793
              ],
              [
                120.3510781,
                22.6525739
              ],
              [
                120.3510489,
                22.6525325
              ],
              [
                120.3507623,
                22.6524023
              ],
              [
                120.3506369,
                22.6524602
              ],
              [
                120.3506033,
                22.6525615
              ],
              [
                120.35046,
                22.652516
              ],
              [
                120.350142,
                22.6525553
              ],
              [
                120.3501085,
                22.6525863
              ],
              [
                120.3502742,
                22.6528012
              ],
              [
                120.3505205,
                22.6528342
              ],
              [
                120.3506929,
                22.6529603
              ],
              [
                120.3508788,
                22.6529582
              ]
            ]
          ],
          [
            [
              [
                120.3505847,
                22.6531809
              ],
              [
                120.3506617,
                22.6530679
              ],
              [
                120.3506022,
                22.6529484
              ],
              [
                120.3503993,
                22.6528612
              ],
              [
                120.3503398,
                22.6528548
              ],
              [
                120.3502978,
                22.6528871
              ],
              [
                120.3502768,
                22.6530162
              ],
              [
                120.3503713,
                22.6531551
              ],
              [
                120.3505847,
                22.6531809
              ]
            ]
          ],
          [
            [
              [
                120.3497928,
                22.6670346
              ],
              [
                120.349888,
                22.667328
              ],
              [
                120.3501305,
                22.6674211
              ],
              [
                120.3502195,
                22.6673648
              ],
              [
                120.3500973,
                22.6667122
              ],
              [
                120.3500505,
                22.6667208
              ],
              [
                120.3499269,
                22.666849
              ],
              [
                120.3497928,
                22.6670346
              ]
            ]
          ],
          [
            [
              [
                120.3470189,
                22.6572922
              ],
              [
                120.3468813,
                22.657144
              ],
              [
                120.3468848,
                22.6570922
              ],
              [
                120.3468355,
                22.6570668
              ],
              [
                120.3466291,
                22.6570689
              ],
              [
                120.346683,
                22.6571229
              ],
              [
                120.3466279,
                22.6571599
              ],
              [
                120.346683,
                22.6572276
              ],
              [
                120.3466428,
                22.6574371
              ],
              [
                120.346707,
                22.6574403
              ],
              [
                120.3467357,
                22.6575218
              ],
              [
                120.3466084,
                22.6575778
              ],
              [
                120.3465465,
                22.6576963
              ],
              [
                120.3465121,
                22.6578529
              ],
              [
                120.3463746,
                22.6578783
              ],
              [
                120.3463757,
                22.6579502
              ],
              [
                120.3466294,
                22.657977
              ],
              [
                120.3471864,
                22.6575172
              ],
              [
                120.3472149,
                22.6575218
              ],
              [
                120.3472769,
                22.6574625
              ],
              [
                120.3472803,
                22.6574043
              ],
              [
                120.3473846,
                22.6572858
              ],
              [
                120.3472425,
                22.6572932
              ],
              [
                120.347098,
                22.6573832
              ],
              [
                120.3470223,
                22.657381
              ],
              [
                120.3469937,
                22.657344
              ],
              [
                120.3470258,
                22.6573165
              ],
              [
                120.3470189,
                22.6572922
              ]
            ]
          ],
          [
            [
              [
                120.3462585,
                22.6653838
              ],
              [
                120.3462249,
                22.6652199
              ],
              [
                120.3457975,
                22.6655433
              ],
              [
                120.3459512,
                22.6656718
              ],
              [
                120.346148,
                22.6657604
              ],
              [
                120.3463881,
                22.6655079
              ],
              [
                120.3462585,
                22.6653838
              ]
            ]
          ],
          [
            [
              [
                120.3450375,
                22.6792866
              ],
              [
                120.3451131,
                22.679157
              ],
              [
                120.3450449,
                22.6791295
              ],
              [
                120.3450098,
                22.6792797
              ],
              [
                120.3450375,
                22.6792866
              ]
            ]
          ],
          [
            [
              [
                120.3440993,
                22.5545313
              ],
              [
                120.3446358,
                22.5538919
              ],
              [
                120.33919667602657,
                22.55
              ],
              [
                120.33776658269977,
                22.55
              ],
              [
                120.3440993,
                22.5545313
              ]
            ]
          ],
          [
            [
              [
                120.3442041,
                22.56919
              ],
              [
                120.3442806,
                22.5690718
              ],
              [
                120.3442529,
                22.568954
              ],
              [
                120.3441499,
                22.56888
              ],
              [
                120.3440194,
                22.5688843
              ],
              [
                120.34397,
                22.5689112
              ],
              [
                120.3439073,
                22.5689985
              ],
              [
                120.3439091,
                22.5691033
              ],
              [
                120.3439749,
                22.5691887
              ],
              [
                120.3442041,
                22.56919
              ]
            ]
          ],
          [
            [
              [
                120.3417,
                22.6205962
              ],
              [
                120.3416652,
                22.6204625
              ],
              [
                120.3415887,
                22.6204365
              ],
              [
                120.3414331,
                22.6205677
              ],
              [
                120.3414211,
                22.6205318
              ],
              [
                120.3415029,
                22.6204389
              ],
              [
                120.3414948,
                22.6203882
              ],
              [
                120.3414492,
                22.6203337
              ],
              [
                120.3411262,
                22.6202715
              ],
              [
                120.3411111,
                22.6203032
              ],
              [
                120.3414063,
                22.620356
              ],
              [
                120.3414466,
                22.620403
              ],
              [
                120.3414278,
                22.620455
              ],
              [
                120.3413715,
                22.620507
              ],
              [
                120.3413701,
                22.6205664
              ],
              [
                120.3414264,
                22.6206011
              ],
              [
                120.341472,
                22.6205862
              ],
              [
                120.3415699,
                22.6204823
              ],
              [
                120.3416263,
                22.6205169
              ],
              [
                120.3416142,
                22.6205813
              ],
              [
                120.3416437,
                22.6206395
              ],
              [
                120.3418784,
                22.6206531
              ],
              [
                120.342164,
                22.6209292
              ],
              [
                120.3423357,
                22.6208945
              ],
              [
                120.3424457,
                22.6209131
              ],
              [
                120.3426603,
                22.6210034
              ],
              [
                120.3427461,
                22.6210802
              ],
              [
                120.3428011,
                22.6210864
              ],
              [
                120.3428869,
                22.6210257
              ],
              [
                120.3428668,
                22.6209712
              ],
              [
                120.3427944,
                22.6209329
              ],
              [
                120.3426348,
                22.6209279
              ],
              [
                120.3423934,
                22.6208338
              ],
              [
                120.3422378,
                22.6208747
              ],
              [
                120.3421426,
                22.6208697
              ],
              [
                120.3418851,
                22.6206048
              ],
              [
                120.341818,
                22.6205677
              ],
              [
                120.3417443,
                22.620564
              ],
              [
                120.3417,
                22.6205962
              ]
            ]
          ],
          [
            [
              [
                120.3426546,
                22.6160904
              ],
              [
                120.3426631,
                22.6160458
              ],
              [
                120.3426125,
                22.6160435
              ],
              [
                120.3426091,
                22.6160817
              ],
              [
                120.3426546,
                22.6160904
              ]
            ]
          ],
          [
            [
              [
                120.3407678,
                22.6648012
              ],
              [
                120.3408392,
                22.6647947
              ],
              [
                120.3410269,
                22.6645404
              ],
              [
                120.3410858,
                22.6642486
              ],
              [
                120.3409266,
                22.6635124
              ],
              [
                120.3407251,
                22.6633215
              ],
              [
                120.3400796,
                22.6636529
              ],
              [
                120.3395973,
                22.6639596
              ],
              [
                120.339595,
                22.6641512
              ],
              [
                120.340375,
                22.6644473
              ],
              [
                120.3407678,
                22.6648012
              ]
            ]
          ],
          [
            [
              [
                120.3408242,
                22.6674193
              ],
              [
                120.3408796,
                22.6674079
              ],
              [
                120.3409181,
                22.6673532
              ],
              [
                120.3408431,
                22.6673207
              ],
              [
                120.3407831,
                22.66721
              ],
              [
                120.3407532,
                22.6672293
              ],
              [
                120.3407551,
                22.6673442
              ],
              [
                120.3407734,
                22.6673965
              ],
              [
                120.3408242,
                22.6674193
              ]
            ]
          ],
          [
            [
              [
                120.3330179692427,
                22.55
              ],
              [
                120.3376766,
                22.5534247
              ],
              [
                120.3382816,
                22.5527335
              ],
              [
                120.3385885,
                22.5529465
              ],
              [
                120.3380289,
                22.5535908
              ],
              [
                120.3398703,
                22.5549196
              ],
              [
                120.3408356,
                22.5538034
              ],
              [
                120.3392232,
                22.5526107
              ],
              [
                120.3393449,
                22.5524709
              ],
              [
                120.3389934,
                22.5522114
              ],
              [
                120.3390319,
                22.5521671
              ],
              [
                120.339171,
                22.5522674
              ],
              [
                120.3392658,
                22.5521575
              ],
              [
                120.3395008,
                22.5523276
              ],
              [
                120.3395496,
                22.5523309
              ],
              [
                120.339582,
                22.5522914
              ],
              [
                120.3395634,
                22.5522342
              ],
              [
                120.3393299,
                22.552083
              ],
              [
                120.3396529,
                22.5517098
              ],
              [
                120.33722750651114,
                22.55
              ],
              [
                120.3330179692427,
                22.55
              ]
            ]
          ],
          [
            [
              [
                120.3405339,
                22.6663482
              ],
              [
                120.3403829,
                22.6667601
              ],
              [
                120.3405834,
                22.6668355
              ],
              [
                120.3406725,
                22.6667396
              ],
              [
                120.3407814,
                22.6665172
              ],
              [
                120.3407426,
                22.6664533
              ],
              [
                120.3405339,
                22.6663482
              ]
            ]
          ],
          [
            [
              [
                120.3405477,
                22.6654443
              ],
              [
                120.3405012,
                22.6655061
              ],
              [
                120.3405544,
                22.6655904
              ],
              [
                120.3405518,
                22.6657034
              ],
              [
                120.34059,
                22.6657532
              ],
              [
                120.3406308,
                22.6656969
              ],
              [
                120.3406386,
                22.6655376
              ],
              [
                120.3405885,
                22.6655075
              ],
              [
                120.3405727,
                22.6654495
              ],
              [
                120.3405477,
                22.6654443
              ]
            ]
          ],
          [
            [
              [
                120.3398509,
                22.6222602
              ],
              [
                120.3399072,
                22.6222801
              ],
              [
                120.3399957,
                22.6221414
              ],
              [
                120.3402452,
                22.6220919
              ],
              [
                120.3402049,
                22.6219755
              ],
              [
                120.340331,
                22.6220275
              ],
              [
                120.3403632,
                22.6219978
              ],
              [
                120.3403685,
                22.6219409
              ],
              [
                120.3402955,
                22.621815
              ],
              [
                120.3402482,
                22.6218279
              ],
              [
                120.3403283,
                22.6219211
              ],
              [
                120.3403364,
                22.621973
              ],
              [
                120.3402103,
                22.6219334
              ],
              [
                120.340154,
                22.6219532
              ],
              [
                120.3401432,
                22.6220102
              ],
              [
                120.3401781,
                22.6220473
              ],
              [
                120.3401674,
                22.6220795
              ],
              [
                120.3399635,
                22.6221018
              ],
              [
                120.3399018,
                22.6221884
              ],
              [
                120.3398482,
                22.6222083
              ],
              [
                120.3398509,
                22.6222602
              ]
            ]
          ],
          [
            [
              [
                120.3401282,
                22.6671963
              ],
              [
                120.340077,
                22.6674879
              ],
              [
                120.340105,
                22.6675182
              ],
              [
                120.3401379,
                22.6675173
              ],
              [
                120.3401678,
                22.6675031
              ],
              [
                120.3401843,
                22.6674433
              ],
              [
                120.3401495,
                22.6673889
              ],
              [
                120.3401765,
                22.667372
              ],
              [
                120.3401446,
                22.6673024
              ],
              [
                120.3401727,
                22.6672471
              ],
              [
                120.3401601,
                22.667207
              ],
              [
                120.3401282,
                22.6671963
              ]
            ]
          ],
          [
            [
              [
                120.3394164,
                22.6173605
              ],
              [
                120.3394834,
                22.6173827
              ],
              [
                120.3395746,
                22.6172144
              ],
              [
                120.3395505,
                22.6171451
              ],
              [
                120.339478,
                22.6171228
              ],
              [
                120.3393708,
                22.6171525
              ],
              [
                120.3392581,
                22.6171178
              ],
              [
                120.3391428,
                22.6171525
              ],
              [
                120.3390704,
                22.6172193
              ],
              [
                120.3388477,
                22.6172961
              ],
              [
                120.3388182,
                22.6173407
              ],
              [
                120.3388129,
                22.6175164
              ],
              [
                120.3387565,
                22.6177244
              ],
              [
                120.3386573,
                22.6178274
              ],
              [
                120.3386487,
                22.6178759
              ],
              [
                120.338727,
                22.6179275
              ],
              [
                120.3387936,
                22.6179279
              ],
              [
                120.3389089,
                22.6175076
              ],
              [
                120.3390231,
                22.6173209
              ],
              [
                120.3391508,
                22.6172887
              ],
              [
                120.3393055,
                22.6172848
              ],
              [
                120.3393618,
                22.6172947
              ],
              [
                120.3394164,
                22.6173605
              ]
            ]
          ],
          [
            [
              [
                120.3383271,
                22.6645094
              ],
              [
                120.3383675,
                22.6644987
              ],
              [
                120.3384339,
                22.6643795
              ],
              [
                120.3385212,
                22.6644014
              ],
              [
                120.3387647,
                22.6643866
              ],
              [
                120.3387999,
                22.6645536
              ],
              [
                120.3388626,
                22.6646274
              ],
              [
                120.3387595,
                22.6647081
              ],
              [
                120.338719,
                22.6647774
              ],
              [
                120.3387611,
                22.6648094
              ],
              [
                120.3389781,
                22.664696
              ],
              [
                120.3389996,
                22.6647066
              ],
              [
                120.339243,
                22.6645977
              ],
              [
                120.3391126,
                22.6642094
              ],
              [
                120.3386625,
                22.664362
              ],
              [
                120.3385293,
                22.6643704
              ],
              [
                120.3384079,
                22.6643427
              ],
              [
                120.3383535,
                22.6643632
              ],
              [
                120.3383295,
                22.6643929
              ],
              [
                120.3383271,
                22.6645094
              ]
            ]
          ],
          [
            [
              [
                120.338896,
                22.6222999
              ],
              [
                120.3388933,
                22.6222479
              ],
              [
                120.3388504,
                22.6221959
              ],
              [
                120.3386922,
                22.6222107
              ],
              [
                120.3386224,
                22.6221166
              ],
              [
                120.3385902,
                22.6221265
              ],
              [
                120.3385634,
                22.6221785
              ],
              [
                120.3385822,
                22.6222528
              ],
              [
                120.3385232,
                22.6223518
              ],
              [
                120.3385446,
                22.622384
              ],
              [
                120.3385929,
                22.622384
              ],
              [
                120.3386546,
                22.6222503
              ],
              [
                120.3387243,
                22.6223741
              ],
              [
                120.3387512,
                22.6223419
              ],
              [
                120.3387565,
                22.6222751
              ],
              [
                120.3388129,
                22.622285
              ],
              [
                120.3388263,
                22.6223345
              ],
              [
                120.3388558,
                22.6223469
              ],
              [
                120.338896,
                22.6222999
              ]
            ]
          ],
          [
            [
              [
                120.3384642,
                22.6224484
              ],
              [
                120.3384052,
                22.6224088
              ],
              [
                120.3383569,
                22.6224657
              ],
              [
                120.3382174,
                22.6225004
              ],
              [
                120.3382281,
                22.6225375
              ],
              [
                120.3386653,
                22.6225772
              ],
              [
                120.3387699,
                22.6226118
              ],
              [
                120.3388075,
                22.6225994
              ],
              [
                120.338845,
                22.6224756
              ],
              [
                120.338829,
                22.6224311
              ],
              [
                120.3387887,
                22.6224311
              ],
              [
                120.3387458,
                22.6224979
              ],
              [
                120.3386519,
                22.6224831
              ],
              [
                120.3385339,
                22.6225301
              ],
              [
                120.338491,
                22.6225252
              ],
              [
                120.3384642,
                22.6224484
              ]
            ]
          ],
          [
            [
              [
                120.3383649,
                22.6222033
              ],
              [
                120.3383113,
                22.6221414
              ],
              [
                120.3382201,
                22.6222479
              ],
              [
                120.3380162,
                22.6222999
              ],
              [
                120.3380162,
                22.622384
              ],
              [
                120.3380565,
                22.6223989
              ],
              [
                120.3381048,
                22.6223692
              ],
              [
                120.3381423,
                22.6222974
              ],
              [
                120.3381852,
                22.6222924
              ],
              [
                120.3382711,
                22.6223667
              ],
              [
                120.3383086,
                22.6223419
              ],
              [
                120.3383381,
                22.6222454
              ],
              [
                120.3384669,
                22.622233
              ],
              [
                120.3383649,
                22.6222033
              ]
            ]
          ],
          [
            [
              [
                120.3381369,
                22.6196457
              ],
              [
                120.3382657,
                22.6196903
              ],
              [
                120.3382389,
                22.6197745
              ],
              [
                120.3382657,
                22.6198661
              ],
              [
                120.3383757,
                22.6200171
              ],
              [
                120.3384025,
                22.6201285
              ],
              [
                120.338373,
                22.6205593
              ],
              [
                120.338314,
                22.6208119
              ],
              [
                120.3382172,
                22.6209045
              ],
              [
                120.3383229,
                22.6209425
              ],
              [
                120.3384148,
                22.6205666
              ],
              [
                120.3384462,
                22.620121
              ],
              [
                120.3384277,
                22.6200487
              ],
              [
                120.3383128,
                22.6198475
              ],
              [
                120.3382986,
                22.6197639
              ],
              [
                120.3383184,
                22.6196726
              ],
              [
                120.3382951,
                22.6196436
              ],
              [
                120.3381539,
                22.6195899
              ],
              [
                120.3381888,
                22.6194386
              ],
              [
                120.3381106,
                22.6193813
              ],
              [
                120.3379728,
                22.6193815
              ],
              [
                120.338075,
                22.6192679
              ],
              [
                120.3380656,
                22.6192341
              ],
              [
                120.337968,
                22.6191605
              ],
              [
                120.337909,
                22.6191431
              ],
              [
                120.3378955,
                22.6191877
              ],
              [
                120.3380216,
                22.6192644
              ],
              [
                120.3379116,
                22.6193635
              ],
              [
                120.3379358,
                22.6194353
              ],
              [
                120.338094,
                22.6194254
              ],
              [
                120.3381504,
                22.6194452
              ],
              [
                120.3380994,
                22.619569
              ],
              [
                120.3381369,
                22.6196457
              ]
            ]
          ],
          [
            [
              [
                120.3379256,
                22.6638999
              ],
              [
                120.3378191,
                22.6641045
              ],
              [
                120.337843,
                22.6642216
              ],
              [
                120.3378944,
                22.6642302
              ],
              [
                120.338129,
                22.6641014
              ],
              [
                120.3380977,
                22.6640431
              ],
              [
                120.338061,
                22.6637844
              ],
              [
                120.3380285,
                22.6637561
              ],
              [
                120.3379485,
                22.66379
              ],
              [
                120.3379256,
                22.6638999
              ]
            ]
          ],
          [
            [
              [
                120.3377963,
                22.6227851
              ],
              [
                120.3378258,
                22.6228272
              ],
              [
                120.3378821,
                22.6228495
              ],
              [
                120.3379197,
                22.6229188
              ],
              [
                120.3379036,
                22.6230327
              ],
              [
                120.3379465,
                22.6230822
              ],
              [
                120.3380109,
                22.6230649
              ],
              [
                120.3380377,
                22.6229931
              ],
              [
                120.3379358,
                22.6228842
              ],
              [
                120.3379224,
                22.6228371
              ],
              [
                120.3379921,
                22.6227554
              ],
              [
                120.3380002,
                22.6227059
              ],
              [
                120.3379948,
                22.622597
              ],
              [
                120.337968,
                22.622545
              ],
              [
                120.337917,
                22.6225772
              ],
              [
                120.3379063,
                22.6226935
              ],
              [
                120.3378285,
                22.6227282
              ],
              [
                120.3377963,
                22.6227851
              ]
            ]
          ],
          [
            [
              [
                120.3349037,
                22.6695418
              ],
              [
                120.3348507,
                22.6693311
              ],
              [
                120.3348019,
                22.6692915
              ],
              [
                120.3346328,
                22.6692728
              ],
              [
                120.3344983,
                22.6692013
              ],
              [
                120.3344867,
                22.6690628
              ],
              [
                120.3344245,
                22.6688846
              ],
              [
                120.3341881,
                22.6684587
              ],
              [
                120.3340693,
                22.668177
              ],
              [
                120.3340346,
                22.6681213
              ],
              [
                120.3339974,
                22.6681191
              ],
              [
                120.3339556,
                22.6681883
              ],
              [
                120.3339366,
                22.6683757
              ],
              [
                120.3338296,
                22.6684533
              ],
              [
                120.3338192,
                22.6684979
              ],
              [
                120.3338764,
                22.6686027
              ],
              [
                120.3341047,
                22.6686912
              ],
              [
                120.3341847,
                22.66879
              ],
              [
                120.3342047,
                22.6689496
              ],
              [
                120.3340437,
                22.6691669
              ],
              [
                120.3340693,
                22.6693211
              ],
              [
                120.3340999,
                22.6693588
              ],
              [
                120.3343652,
                22.6694341
              ],
              [
                120.3344666,
                22.66975
              ],
              [
                120.3345093,
                22.6698142
              ],
              [
                120.3346411,
                22.6699069
              ],
              [
                120.3347752,
                22.6699096
              ],
              [
                120.334841,
                22.6698851
              ],
              [
                120.3349488,
                22.6697633
              ],
              [
                120.3349734,
                22.6696898
              ],
              [
                120.3349037,
                22.6695418
              ]
            ]
          ],
          [
            [
              [
                120.3330144,
                22.6607779
              ],
              [
                120.3331348,
                22.6607942
              ],
              [
                120.3331966,
                22.660679
              ],
              [
                120.3331878,
                22.6606352
              ],
              [
                120.3330895,
                22.6606158
              ],
              [
                120.3330023,
                22.6607157
              ],
              [
                120.3329934,
                22.6607534
              ],
              [
                120.3330144,
                22.6607779
              ]
            ]
          ],
          [
            [
              [
                120.3312059,
                22.6675115
              ],
              [
                120.3310365,
                22.6675338
              ],
              [
                120.3309399,
                22.6675116
              ],
              [
                120.3308782,
                22.6674645
              ],
              [
                120.3305698,
                22.6676403
              ],
              [
                120.3302828,
                22.6677021
              ],
              [
                120.3299663,
                22.6677046
              ],
              [
                120.329985,
                22.6677541
              ],
              [
                120.3300923,
                22.667868
              ],
              [
                120.3303606,
                22.6679571
              ],
              [
                120.33061,
                22.6679249
              ],
              [
                120.3306851,
                22.6678927
              ],
              [
                120.3307924,
                22.6677368
              ],
              [
                120.3309185,
                22.6676229
              ],
              [
                120.3310311,
                22.6675932
              ],
              [
                120.3311384,
                22.6676329
              ],
              [
                120.3313235,
                22.6677665
              ],
              [
                120.3313422,
                22.6681575
              ],
              [
                120.331429,
                22.6682494
              ],
              [
                120.3314254,
                22.6683159
              ],
              [
                120.3313852,
                22.6683605
              ],
              [
                120.3312485,
                22.6683927
              ],
              [
                120.3311136,
                22.6684875
              ],
              [
                120.3310485,
                22.6686142
              ],
              [
                120.3306851,
                22.6696077
              ],
              [
                120.3307977,
                22.669645
              ],
              [
                120.3308488,
                22.6696141
              ],
              [
                120.3311679,
                22.6686649
              ],
              [
                120.3312725,
                22.6685709
              ],
              [
                120.3315407,
                22.6684496
              ],
              [
                120.331581,
                22.6683753
              ],
              [
                120.3316078,
                22.6682021
              ],
              [
                120.3315407,
                22.6681328
              ],
              [
                120.3314764,
                22.6680115
              ],
              [
                120.3314415,
                22.6677739
              ],
              [
                120.3313771,
                22.6676254
              ],
              [
                120.3312059,
                22.6675115
              ]
            ]
          ],
          [
            [
              [
                120.326831,
                22.6642694
              ],
              [
                120.3266166,
                22.6642991
              ],
              [
                120.3263399,
                22.6653236
              ],
              [
                120.326135,
                22.6655599
              ],
              [
                120.3257391,
                22.6656627
              ],
              [
                120.3252958,
                22.6658777
              ],
              [
                120.3252527,
                22.6661911
              ],
              [
                120.3253644,
                22.666199
              ],
              [
                120.3254257,
                22.6669491
              ],
              [
                120.3255856,
                22.6670232
              ],
              [
                120.3257411,
                22.6672256
              ],
              [
                120.325719,
                22.6674061
              ],
              [
                120.3257865,
                22.667868
              ],
              [
                120.3263297,
                22.6685857
              ],
              [
                120.3268077,
                22.6691562
              ],
              [
                120.3271144,
                22.6692605
              ],
              [
                120.3272449,
                22.6695219
              ],
              [
                120.3272085,
                22.6695396
              ],
              [
                120.327276,
                22.6695842
              ],
              [
                120.3274128,
                22.6695875
              ],
              [
                120.3278059,
                22.6694635
              ],
              [
                120.3278873,
                22.669526
              ],
              [
                120.3280015,
                22.6695291
              ],
              [
                120.328114,
                22.6694918
              ],
              [
                120.3284111,
                22.6693288
              ],
              [
                120.3286899,
                22.669384
              ],
              [
                120.3288851,
                22.6695535
              ],
              [
                120.3289413,
                22.6691154
              ],
              [
                120.3289239,
                22.6690132
              ],
              [
                120.3288764,
                22.6689028
              ],
              [
                120.3286501,
                22.6687918
              ],
              [
                120.3286208,
                22.668608
              ],
              [
                120.3286293,
                22.6685435
              ],
              [
                120.3286766,
                22.6684711
              ],
              [
                120.3290156,
                22.6683076
              ],
              [
                120.3290334,
                22.6678246
              ],
              [
                120.3281112,
                22.6684048
              ],
              [
                120.3280783,
                22.6686217
              ],
              [
                120.3283244,
                22.6687986
              ],
              [
                120.3280946,
                22.6690849
              ],
              [
                120.3277508,
                22.6688982
              ],
              [
                120.3272538,
                22.6685656
              ],
              [
                120.3270932,
                22.6683564
              ],
              [
                120.3268891,
                22.6682219
              ],
              [
                120.3267864,
                22.668225
              ],
              [
                120.3266384,
                22.6682796
              ],
              [
                120.3262581,
                22.6673683
              ],
              [
                120.3263154,
                22.667208
              ],
              [
                120.3263003,
                22.6668417
              ],
              [
                120.326322,
                22.6666386
              ],
              [
                120.3264376,
                22.6663859
              ],
              [
                120.3265394,
                22.6663721
              ],
              [
                120.3265024,
                22.6659591
              ],
              [
                120.3265417,
                22.6657371
              ],
              [
                120.3266313,
                22.6655539
              ],
              [
                120.3271895,
                22.6654356
              ],
              [
                120.3272477,
                22.6653089
              ],
              [
                120.3274057,
                22.6651974
              ],
              [
                120.3274749,
                22.6650971
              ],
              [
                120.3274119,
                22.6649706
              ],
              [
                120.3274044,
                22.6648861
              ],
              [
                120.3274397,
                22.6648376
              ],
              [
                120.3276551,
                22.664892
              ],
              [
                120.3278245,
                22.6648372
              ],
              [
                120.3280886,
                22.6651536
              ],
              [
                120.3283878,
                22.6656932
              ],
              [
                120.3288009,
                22.6656966
              ],
              [
                120.3290319,
                22.6656241
              ],
              [
                120.3292335,
                22.6654911
              ],
              [
                120.3292798,
                22.6652897
              ],
              [
                120.329119,
                22.6650597
              ],
              [
                120.3289143,
                22.6648996
              ],
              [
                120.3286,
                22.6644121
              ],
              [
                120.3287319,
                22.6642421
              ],
              [
                120.3286669,
                22.6639716
              ],
              [
                120.3280436,
                22.663781
              ],
              [
                120.3273199,
                22.6637626
              ],
              [
                120.3268134,
                22.6640413
              ],
              [
                120.326831,
                22.6642694
              ]
            ]
          ],
          [
            [
              [
                120.3282818,
                22.6432743
              ],
              [
                120.3283025,
                22.6433138
              ],
              [
                120.3284091,
                22.6432664
              ],
              [
                120.3283884,
                22.6432268
              ],
              [
                120.3282818,
                22.6432743
              ]
            ]
          ],
          [
            [
              [
                120.3279971,
                22.6434078
              ],
              [
                120.3280178,
                22.6434474
              ],
              [
                120.3281244,
                22.6433999
              ],
              [
                120.3281037,
                22.6433604
              ],
              [
                120.3279971,
                22.6434078
              ]
            ]
          ],
          [
            [
              [
                120.3249781,
                22.6587209
              ],
              [
                120.3250266,
                22.6586985
              ],
              [
                120.3250448,
                22.6585557
              ],
              [
                120.3250296,
                22.6585193
              ],
              [
                120.3249295,
                22.6585305
              ],
              [
                120.3248901,
                22.6586005
              ],
              [
                120.3249204,
                22.6586929
              ],
              [
                120.3249781,
                22.6587209
              ]
            ]
          ],
          [
            [
              [
                120.3241745,
                22.6589592
              ],
              [
                120.3241775,
                22.6589984
              ],
              [
                120.3243413,
                22.6590152
              ],
              [
                120.3244081,
                22.6588976
              ],
              [
                120.3245052,
                22.658864
              ],
              [
                120.3246053,
                22.658794
              ],
              [
                120.3246296,
                22.6585364
              ],
              [
                120.3245214,
                22.6584934
              ],
              [
                120.3241395,
                22.6584894
              ],
              [
                120.3239035,
                22.658533
              ],
              [
                120.3238716,
                22.658593
              ],
              [
                120.3238885,
                22.6588031
              ],
              [
                120.3239893,
                22.6589924
              ],
              [
                120.3240151,
                22.6588854
              ],
              [
                120.3241352,
                22.6588458
              ],
              [
                120.3242125,
                22.6588894
              ],
              [
                120.324221,
                22.6589448
              ],
              [
                120.3241745,
                22.6589592
              ]
            ]
          ],
          [
            [
              [
                120.3242043,
                22.6590737
              ],
              [
                120.3240617,
                22.6590345
              ],
              [
                120.3240101,
                22.6590793
              ],
              [
                120.3240587,
                22.6591045
              ],
              [
                120.3239798,
                22.6591577
              ],
              [
                120.3240465,
                22.6592193
              ],
              [
                120.3241679,
                22.6592221
              ],
              [
                120.3244137,
                22.6591465
              ],
              [
                120.3244197,
                22.6590821
              ],
              [
                120.3242043,
                22.6590737
              ]
            ]
          ],
          [
            [
              [
                120.3151634,
                22.5766071
              ],
              [
                120.3150736,
                22.5765313
              ],
              [
                120.314818,
                22.5764369
              ],
              [
                120.3145531,
                22.5763854
              ],
              [
                120.31433,
                22.5764341
              ],
              [
                120.3141813,
                22.5765428
              ],
              [
                120.3140914,
                22.5767073
              ],
              [
                120.3140775,
                22.5768775
              ],
              [
                120.3141797,
                22.5770477
              ],
              [
                120.3143331,
                22.5771478
              ],
              [
                120.3144298,
                22.5771784
              ],
              [
                120.3145964,
                22.577175
              ],
              [
                120.3146909,
                22.5771235
              ],
              [
                120.3151634,
                22.5766071
              ]
            ]
          ],
          [
            [
              [
                120.3136265,
                22.6216122
              ],
              [
                120.3135887,
                22.6215653
              ],
              [
                120.31354,
                22.6216043
              ],
              [
                120.3135731,
                22.6216443
              ],
              [
                120.3136265,
                22.6216122
              ]
            ]
          ],
          [
            [
              [
                120.3094649,
                22.6318571
              ],
              [
                120.3094609,
                22.6317639
              ],
              [
                120.30941,
                22.6317658
              ],
              [
                120.3094141,
                22.631859
              ],
              [
                120.3094649,
                22.6318571
              ]
            ]
          ],
          [
            [
              [
                120.3077535,
                22.6050521
              ],
              [
                120.3077126,
                22.6050849
              ],
              [
                120.3077267,
                22.605119
              ],
              [
                120.3078031,
                22.6050905
              ],
              [
                120.3078011,
                22.6050565
              ],
              [
                120.3077535,
                22.6050521
              ]
            ]
          ],
          [
            [
              [
                120.301435,
                22.6799445
              ],
              [
                120.30143660690423,
                22.68
              ],
              [
                120.30150365978835,
                22.68
              ],
              [
                120.3015339,
                22.6798606
              ],
              [
                120.3015161,
                22.6797712
              ],
              [
                120.30135,
                22.6796435
              ],
              [
                120.301261,
                22.6796289
              ],
              [
                120.3011978,
                22.6796964
              ],
              [
                120.3012057,
                22.6797475
              ],
              [
                120.3012591,
                22.6797968
              ],
              [
                120.3013144,
                22.6797858
              ],
              [
                120.301435,
                22.6799445
              ]
            ]
          ],
          [
            [
              [
                120.2984475,
                22.6586897
              ],
              [
                120.2985926,
                22.6586592
              ],
              [
                120.2988461,
                22.6584649
              ],
              [
                120.2988595,
                22.6583745
              ],
              [
                120.2988058,
                22.658304
              ],
              [
                120.2985108,
                22.6583114
              ],
              [
                120.2982546,
                22.658382
              ],
              [
                120.2980119,
                22.6583832
              ],
              [
                120.2978322,
                22.6582483
              ],
              [
                120.2977477,
                22.6582347
              ],
              [
                120.2976538,
                22.658283
              ],
              [
                120.2975841,
                22.6584129
              ],
              [
                120.2975894,
                22.658481
              ],
              [
                120.2976967,
                22.6586716
              ],
              [
                120.2976954,
                22.6587495
              ],
              [
                120.2977651,
                22.6587693
              ],
              [
                120.2979073,
                22.6587334
              ],
              [
                120.2980266,
                22.6587681
              ],
              [
                120.2981661,
                22.6586542
              ],
              [
                120.2983713,
                22.6585899
              ],
              [
                120.2984598,
                22.6585033
              ],
              [
                120.2984759,
                22.6584401
              ],
              [
                120.2985108,
                22.6584067
              ],
              [
                120.2986945,
                22.6583857
              ],
              [
                120.2987709,
                22.6584092
              ],
              [
                120.2987602,
                22.6584538
              ],
              [
                120.2985845,
                22.658601
              ],
              [
                120.2983633,
                22.6586889
              ],
              [
                120.2982358,
                22.65895
              ],
              [
                120.2981433,
                22.6589636
              ],
              [
                120.29804,
                22.6589414
              ],
              [
                120.2979556,
                22.658981
              ],
              [
                120.2979475,
                22.6590688
              ],
              [
                120.2980025,
                22.6590973
              ],
              [
                120.2980785,
                22.6590827
              ],
              [
                120.2981355,
                22.6590105
              ],
              [
                120.29823,
                22.6590171
              ],
              [
                120.2982767,
                22.6589964
              ],
              [
                120.2983265,
                22.6589139
              ],
              [
                120.2983651,
                22.6587788
              ],
              [
                120.2984475,
                22.6586897
              ]
            ]
          ],
          [
            [
              [
                120.2979918,
                22.652291
              ],
              [
                120.2979212,
                22.6523491
              ],
              [
                120.2979046,
                22.6523912
              ],
              [
                120.2979189,
                22.6524786
              ],
              [
                120.2981879,
                22.652372
              ],
              [
                120.2980863,
                22.6522847
              ],
              [
                120.2979918,
                22.652291
              ]
            ]
          ],
          [
            [
              [
                120.2979608,
                22.6088812
              ],
              [
                120.2979159,
                22.6087858
              ],
              [
                120.2978703,
                22.6087541
              ],
              [
                120.2977629,
                22.6087396
              ],
              [
                120.2976715,
                22.608786
              ],
              [
                120.2976275,
                22.6088734
              ],
              [
                120.2976297,
                22.6089221
              ],
              [
                120.2976482,
                22.6089678
              ],
              [
                120.2977254,
                22.6090326
              ],
              [
                120.2978377,
                22.6090407
              ],
              [
                120.2979301,
                22.6089812
              ],
              [
                120.2979608,
                22.6088812
              ]
            ]
          ],
          [
            [
              [
                120.2937375,
                22.6787296
              ],
              [
                120.2935367,
                22.6788198
              ],
              [
                120.2937487,
                22.6789483
              ],
              [
                120.2938456,
                22.6788836
              ],
              [
                120.2937375,
                22.6787296
              ]
            ]
          ],
          [
            [
              [
                120.2876761,
                22.6478974
              ],
              [
                120.2877989,
                22.6476648
              ],
              [
                120.2878392,
                22.6474577
              ],
              [
                120.2876359,
                22.6474518
              ],
              [
                120.2876317,
                22.6475026
              ],
              [
                120.2875491,
                22.6476004
              ],
              [
                120.2872865,
                22.6478603
              ],
              [
                120.2871446,
                22.6479365
              ],
              [
                120.2870303,
                22.6479326
              ],
              [
                120.28699,
                22.6479814
              ],
              [
                120.2872674,
                22.6481026
              ],
              [
                120.2873754,
                22.6481221
              ],
              [
                120.2875321,
                22.6482726
              ],
              [
                120.2877481,
                22.6483391
              ],
              [
                120.2878731,
                22.6481964
              ],
              [
                120.2878392,
                22.6481612
              ],
              [
                120.2877248,
                22.6481202
              ],
              [
                120.2876825,
                22.6480107
              ],
              [
                120.2876761,
                22.6478974
              ]
            ]
          ],
          [
            [
              [
                120.2864244,
                22.6317253
              ],
              [
                120.2864545,
                22.6314983
              ],
              [
                120.2863548,
                22.6315606
              ],
              [
                120.2862269,
                22.6319898
              ],
              [
                120.2861508,
                22.6321475
              ],
              [
                120.2861997,
                22.6321991
              ],
              [
                120.2863014,
                22.6321181
              ],
              [
                120.2864846,
                22.6318674
              ],
              [
                120.2864244,
                22.6317253
              ]
            ]
          ],
          [
            [
              [
                120.2851299,
                22.6600276
              ],
              [
                120.2852089,
                22.6600543
              ],
              [
                120.2852427,
                22.6600073
              ],
              [
                120.2852941,
                22.659748
              ],
              [
                120.2853098,
                22.6596124
              ],
              [
                120.2852342,
                22.6595861
              ],
              [
                120.2851258,
                22.6597243
              ],
              [
                120.2851072,
                22.6598138
              ],
              [
                120.2851299,
                22.6600276
              ]
            ]
          ],
          [
            [
              [
                120.2813774,
                22.6430964
              ],
              [
                120.2813593,
                22.6430296
              ],
              [
                120.2812483,
                22.6430602
              ],
              [
                120.2813192,
                22.6433167
              ],
              [
                120.281374,
                22.6433056
              ],
              [
                120.2813211,
                22.6431094
              ],
              [
                120.2813774,
                22.6430964
              ]
            ]
          ],
          [
            [
              [
                120.2796728,
                22.6344951
              ],
              [
                120.2796632,
                22.6344713
              ],
              [
                120.2796398,
                22.6344818
              ],
              [
                120.2796513,
                22.6345029
              ],
              [
                120.2796728,
                22.6344951
              ]
            ]
          ],
          [
            [
              [
                120.2780415,
                22.6354
              ],
              [
                120.2780441,
                22.6353892
              ],
              [
                120.2780363,
                22.635393
              ],
              [
                120.2780415,
                22.6354
              ]
            ]
          ],
          [
            [
              [
                120.2759667,
                22.6443945
              ],
              [
                120.2760023,
                22.644482
              ],
              [
                120.276846,
                22.6442097
              ],
              [
                120.2776592,
                22.6441872
              ],
              [
                120.2777828,
                22.6441931
              ],
              [
                120.2778868,
                22.6442326
              ],
              [
                120.2779193,
                22.6440985
              ],
              [
                120.2767944,
                22.6441241
              ],
              [
                120.2759667,
                22.6443945
              ]
            ]
          ],
          [
            [
              [
                120.274662,
                22.6448553
              ],
              [
                120.2742719,
                22.644996
              ],
              [
                120.2742561,
                22.6449763
              ],
              [
                120.2740337,
                22.6451438
              ],
              [
                120.2738445,
                22.6454095
              ],
              [
                120.273779,
                22.6455837
              ],
              [
                120.2737266,
                22.6458366
              ],
              [
                120.2735475,
                22.6458594
              ],
              [
                120.2733035,
                22.6460839
              ],
              [
                120.2731514,
                22.646298
              ],
              [
                120.2731899,
                22.6467497
              ],
              [
                120.2731403,
                22.6469115
              ],
              [
                120.273136,
                22.6471217
              ],
              [
                120.2730349,
                22.6475259
              ],
              [
                120.2730097,
                22.6479295
              ],
              [
                120.2730308,
                22.6479853
              ],
              [
                120.2730677,
                22.6479843
              ],
              [
                120.273221,
                22.647346
              ],
              [
                120.2731804,
                22.6473375
              ],
              [
                120.2732794,
                22.6469105
              ],
              [
                120.2733467,
                22.6468555
              ],
              [
                120.2735787,
                22.6459411
              ],
              [
                120.2737027,
                22.6459299
              ],
              [
                120.273155,
                22.6480453
              ],
              [
                120.2731548,
                22.6484298
              ],
              [
                120.2732198,
                22.6496435
              ],
              [
                120.2732931,
                22.6496452
              ],
              [
                120.2733051,
                22.6495353
              ],
              [
                120.2732301,
                22.6482579
              ],
              [
                120.2732459,
                22.6480965
              ],
              [
                120.2737834,
                22.6459119
              ],
              [
                120.2739463,
                22.6454686
              ],
              [
                120.27403,
                22.6453299
              ],
              [
                120.2743154,
                22.6450834
              ],
              [
                120.2749233,
                22.6448433
              ],
              [
                120.2758175,
                22.6445441
              ],
              [
                120.2757776,
                22.6444454
              ],
              [
                120.2746518,
                22.6448314
              ],
              [
                120.274662,
                22.6448553
              ]
            ]
          ],
          [
            [
              [
                120.275747,
                22.6351169
              ],
              [
                120.2757591,
                22.6350315
              ],
              [
                120.2756786,
                22.6350179
              ],
              [
                120.275625,
                22.6349597
              ],
              [
                120.2755284,
                22.634951
              ],
              [
                120.2754748,
                22.6349795
              ],
              [
                120.2754828,
                22.635034
              ],
              [
                120.2755512,
                22.6351058
              ],
              [
                120.2756196,
                22.6351132
              ],
              [
                120.2756545,
                22.6351565
              ],
              [
                120.2757081,
                22.635154
              ],
              [
                120.275747,
                22.6351169
              ]
            ]
          ],
          [
            [
              [
                120.2745892,
                22.6462029
              ],
              [
                120.2747321,
                22.6461308
              ],
              [
                120.2748942,
                22.6454678
              ],
              [
                120.2749899,
                22.6451951
              ],
              [
                120.274994,
                22.6451076
              ],
              [
                120.2749669,
                22.645085
              ],
              [
                120.2748925,
                22.6451342
              ],
              [
                120.2747537,
                22.6455108
              ],
              [
                120.2746756,
                22.6456075
              ],
              [
                120.2747065,
                22.6457268
              ],
              [
                120.2746497,
                22.6459359
              ],
              [
                120.274513,
                22.6460351
              ],
              [
                120.2744285,
                22.6460573
              ],
              [
                120.2742271,
                22.6459979
              ],
              [
                120.2741846,
                22.646065
              ],
              [
                120.2745892,
                22.6462029
              ]
            ]
          ],
          [
            [
              [
                120.2745961,
                22.6454029
              ],
              [
                120.2746618,
                22.6454227
              ],
              [
                120.2747476,
                22.64519
              ],
              [
                120.2747771,
                22.6452011
              ],
              [
                120.2748294,
                22.6450959
              ],
              [
                120.2747959,
                22.6450773
              ],
              [
                120.2743909,
                22.6452271
              ],
              [
                120.2741817,
                22.6453892
              ],
              [
                120.2740824,
                22.6455279
              ],
              [
                120.2740006,
                22.6458088
              ],
              [
                120.2739738,
                22.6458063
              ],
              [
                120.2739456,
                22.6460489
              ],
              [
                120.2740636,
                22.6460626
              ],
              [
                120.2741991,
                22.6457964
              ],
              [
                120.2743372,
                22.6456925
              ],
              [
                120.2743399,
                22.6455464
              ],
              [
                120.2743869,
                22.6454796
              ],
              [
                120.2744566,
                22.6454301
              ],
              [
                120.2745961,
                22.6454029
              ]
            ]
          ],
          [
            [
              [
                120.2734914,
                22.6551773
              ],
              [
                120.2734648,
                22.6552877
              ],
              [
                120.2734193,
                22.6553336
              ],
              [
                120.2732607,
                22.6553809
              ],
              [
                120.2736118,
                22.6553023
              ],
              [
                120.2736715,
                22.6552629
              ],
              [
                120.2736669,
                22.6551671
              ],
              [
                120.2734914,
                22.6551773
              ]
            ]
          ],
          [
            [
              [
                120.2699079,
                22.6791699
              ],
              [
                120.26982548237666,
                22.68
              ],
              [
                120.27000770145827,
                22.68
              ],
              [
                120.2700886,
                22.6791852
              ],
              [
                120.2699079,
                22.6791699
              ]
            ]
          ],
          [
            [
              [
                120.26857780287811,
                22.679960060087282
              ],
              [
                120.2682585,
                22.6799358
              ],
              [
                120.2682329513555,
                22.68
              ],
              [
                120.26910347819549,
                22.68
              ],
              [
                120.26878077545267,
                22.679975481596802
              ],
              [
                120.2688427,
                22.6791013
              ],
              [
                120.2686395,
                22.679089
              ],
              [
                120.26857780287811,
                22.679960060087282
              ]
            ]
          ],
          [
            [
              [
                120.2661664,
                22.6760706
              ],
              [
                120.2658939,
                22.6760616
              ],
              [
                120.2658789,
                22.6764469
              ],
              [
                120.2661514,
                22.6764559
              ],
              [
                120.2661664,
                22.6760706
              ]
            ]
          ],
          [
            [
              [
                120.2645938,
                22.6262651
              ],
              [
                120.2645899,
                22.6265233
              ],
              [
                120.2647721,
                22.6265257
              ],
              [
                120.2647761,
                22.6262675
              ],
              [
                120.2645938,
                22.6262651
              ]
            ]
          ],
          [
            [
              [
                120.2620453,
                22.6298741
              ],
              [
                120.2619952,
                22.6299702
              ],
              [
                120.262322,
                22.6301151
              ],
              [
                120.2625946,
                22.629591
              ],
              [
                120.2621846,
                22.6294011
              ],
              [
                120.2619584,
                22.6298356
              ],
              [
                120.2620453,
                22.6298741
              ]
            ]
          ]
        ]
      }
    },
    {
      "type": "Feature",
      "bbox": [
        120.2501329,
        22.55,
        120.36,
        22.68
      ],
      "properties": {
        "surface": "land",
        "name": "工作區陸地（bbox 減去 water）",
        "source": "derived from fixed workarea bbox"
      },
      "geometry": {
        "type": "MultiPolygon",
        "coordinates": [
          [
            [
              [
                120.36,
                22.617261321774798
              ],
              [
                120.3594964,
                22.6168833
              ],
              [
                120.358688,
                22.6163777
              ],
              [
                120.3565833,
                22.6153871
              ],
              [
                120.3563945,
                22.6152704
              ],
              [
                120.3560212,
                22.6147887
              ],
              [
                120.3558388,
                22.6142733
              ],
              [
                120.3557781,
                22.6142996
              ],
              [
                120.3557677,
                22.6139948
              ],
              [
                120.3558308,
                22.613538
              ],
              [
                120.3572819,
                22.609866
              ],
              [
                120.3573489,
                22.6094599
              ],
              [
                120.3573409,
                22.6090241
              ],
              [
                120.3571907,
                22.6085364
              ],
              [
                120.3570405,
                22.6082145
              ],
              [
                120.3566864,
                22.6077514
              ],
              [
                120.3563645,
                22.6075311
              ],
              [
                120.3562385,
                22.6073602
              ],
              [
                120.3560829,
                22.6068675
              ],
              [
                120.3559837,
                22.6067139
              ],
              [
                120.3550503,
                22.606038
              ],
              [
                120.354833,
                22.6057829
              ],
              [
                120.3543422,
                22.6048445
              ],
              [
                120.3541625,
                22.6042477
              ],
              [
                120.3541705,
                22.603906
              ],
              [
                120.3542992,
                22.6029774
              ],
              [
                120.3552031,
                22.5971013
              ],
              [
                120.3552434,
                22.59645
              ],
              [
                120.355171,
                22.5959647
              ],
              [
                120.354774,
                22.5950162
              ],
              [
                120.3537735,
                22.5920842
              ],
              [
                120.3535402,
                22.5917598
              ],
              [
                120.3534034,
                22.5913785
              ],
              [
                120.3531593,
                22.5910714
              ],
              [
                120.3528616,
                22.5904325
              ],
              [
                120.3518128,
                22.5885009
              ],
              [
                120.350925,
                22.5867574
              ],
              [
                120.3503162,
                22.5860789
              ],
              [
                120.3496912,
                22.5856009
              ],
              [
                120.3490984,
                22.5853012
              ],
              [
                120.3483823,
                22.5849991
              ],
              [
                120.347178,
                22.5847589
              ],
              [
                120.3463411,
                22.5844345
              ],
              [
                120.3457215,
                22.584276
              ],
              [
                120.3450456,
                22.5841769
              ],
              [
                120.3442919,
                22.584167
              ],
              [
                120.3428435,
                22.5837906
              ],
              [
                120.3423715,
                22.5837361
              ],
              [
                120.341827,
                22.5837584
              ],
              [
                120.3411618,
                22.5839367
              ],
              [
                120.3406146,
                22.5843676
              ],
              [
                120.3400031,
                22.5847713
              ],
              [
                120.3387156,
                22.5851328
              ],
              [
                120.3366637,
                22.5856182
              ],
              [
                120.3313245,
                22.5866468
              ],
              [
                120.3304954,
                22.5868374
              ],
              [
                120.3299269,
                22.5870623
              ],
              [
                120.3295581,
                22.5871467
              ],
              [
                120.3293178,
                22.5871342
              ],
              [
                120.3291047,
                22.5870592
              ],
              [
                120.3283365,
                22.5865562
              ],
              [
                120.3261743,
                22.5850097
              ],
              [
                120.3183142,
                22.5943586
              ],
              [
                120.3144619,
                22.5915309
              ],
              [
                120.3142537,
                22.5913586
              ],
              [
                120.3131842,
                22.5901701
              ],
              [
                120.3109302,
                22.588321
              ],
              [
                120.3105976,
                22.5881443
              ],
              [
                120.3064567,
                22.5868181
              ],
              [
                120.306279,
                22.5873929
              ],
              [
                120.3061281,
                22.5873494
              ],
              [
                120.30506,
                22.5870164
              ],
              [
                120.3051048,
                22.586906
              ],
              [
                120.3003948,
                22.5853273
              ],
              [
                120.3004212,
                22.5852328
              ],
              [
                120.2976107,
                22.5842861
              ],
              [
                120.2929302,
                22.5917364
              ],
              [
                120.2887367,
                22.5981853
              ],
              [
                120.2883048,
                22.5994437
              ],
              [
                120.2839451,
                22.6066263
              ],
              [
                120.2818172,
                22.6099375
              ],
              [
                120.2820462,
                22.6100471
              ],
              [
                120.2836043,
                22.6109454
              ],
              [
                120.2853689,
                22.6100701
              ],
              [
                120.2919771,
                22.6071079
              ],
              [
                120.2929622,
                22.6047982
              ],
              [
                120.2945974,
                22.6005786
              ],
              [
                120.2955233,
                22.598105
              ],
              [
                120.2981632,
                22.5966318
              ],
              [
                120.3001959,
                22.5911536
              ],
              [
                120.3018212,
                22.5917018
              ],
              [
                120.3014253,
                22.5926423
              ],
              [
                120.300233,
                22.5956358
              ],
              [
                120.3001192,
                22.5956004
              ],
              [
                120.2994093,
                22.5974333
              ],
              [
                120.3067767,
                22.5999355
              ],
              [
                120.3068649,
                22.6000985
              ],
              [
                120.3106668,
                22.6013441
              ],
              [
                120.3105788,
                22.6015513
              ],
              [
                120.3102368,
                22.6014277
              ],
              [
                120.3101516,
                22.6016522
              ],
              [
                120.3067542,
                22.6005008
              ],
              [
                120.3065599,
                22.6005608
              ],
              [
                120.3064703,
                22.6005626
              ],
              [
                120.3062889,
                22.6005104
              ],
              [
                120.3035359,
                22.5995978
              ],
              [
                120.3034696,
                22.5995492
              ],
              [
                120.3031089,
                22.5994196
              ],
              [
                120.3030756,
                22.5994354
              ],
              [
                120.2992677,
                22.5981447
              ],
              [
                120.299246,
                22.5982039
              ],
              [
                120.2993738,
                22.5982479
              ],
              [
                120.2991208,
                22.5989135
              ],
              [
                120.2989963,
                22.5988729
              ],
              [
                120.2980873,
                22.6012108
              ],
              [
                120.2981359,
                22.6012749
              ],
              [
                120.2982656,
                22.6013216
              ],
              [
                120.2981391,
                22.6016509
              ],
              [
                120.2979826,
                22.6016037
              ],
              [
                120.297919,
                22.6016195
              ],
              [
                120.2975501,
                22.60256
              ],
              [
                120.2973314,
                22.6029606
              ],
              [
                120.2972393,
                22.6032934
              ],
              [
                120.2969196,
                22.6039049
              ],
              [
                120.2968894,
                22.6058713
              ],
              [
                120.2968335,
                22.6058743
              ],
              [
                120.2968246,
                22.6059791
              ],
              [
                120.2965629,
                22.6059742
              ],
              [
                120.2964952,
                22.6070685
              ],
              [
                120.2968362,
                22.6070775
              ],
              [
                120.2967465,
                22.6085911
              ],
              [
                120.296625,
                22.6096516
              ],
              [
                120.2964799,
                22.6096496
              ],
              [
                120.2962301,
                22.6091463
              ],
              [
                120.2898771,
                22.6120908
              ],
              [
                120.2913582,
                22.6147237
              ],
              [
                120.292701,
                22.6172768
              ],
              [
                120.2926608,
                22.6176422
              ],
              [
                120.2925711,
                22.6176368
              ],
              [
                120.2925358,
                22.6180317
              ],
              [
                120.29167314222353,
                22.617933318132028
              ],
              [
                120.2910622,
                22.6182052
              ],
              [
                120.2914752,
                22.6189782
              ],
              [
                120.2910623,
                22.6191891
              ],
              [
                120.2911416,
                22.6192807
              ],
              [
                120.2899684,
                22.6188227
              ],
              [
                120.2885833,
                22.6162507
              ],
              [
                120.2837813,
                22.6184666
              ],
              [
                120.2836664,
                22.6182598
              ],
              [
                120.2803868,
                22.6197895
              ],
              [
                120.2804718,
                22.6199482
              ],
              [
                120.2801203,
                22.6201187
              ],
              [
                120.279661,
                22.6192722
              ],
              [
                120.2820042,
                22.6181667
              ],
              [
                120.2820475,
                22.6182469
              ],
              [
                120.282582,
                22.617996
              ],
              [
                120.2825654,
                22.6179679
              ],
              [
                120.2834148,
                22.61757
              ],
              [
                120.2834956,
                22.6174918
              ],
              [
                120.2837919,
                22.6173475
              ],
              [
                120.2839006,
                22.617348
              ],
              [
                120.2847352,
                22.6169597
              ],
              [
                120.2848387,
                22.6168582
              ],
              [
                120.2875173,
                22.6156088
              ],
              [
                120.2875536,
                22.6156627
              ],
              [
                120.2886197,
                22.6151543
              ],
              [
                120.2886028,
                22.615116
              ],
              [
                120.288643,
                22.6150954
              ],
              [
                120.2884072,
                22.6147311
              ],
              [
                120.28842271780833,
                22.614690970073642
              ],
              [
                120.287781,
                22.6135128
              ],
              [
                120.2840022,
                22.6153604
              ],
              [
                120.2840522,
                22.6154554
              ],
              [
                120.2762754,
                22.6189886
              ],
              [
                120.2711981,
                22.6178975
              ],
              [
                120.2711084,
                22.6183043
              ],
              [
                120.2712996,
                22.6185188
              ],
              [
                120.2732967,
                22.6189154
              ],
              [
                120.2732645,
                22.6191486
              ],
              [
                120.2705569,
                22.6188706
              ],
              [
                120.2706353,
                22.6181207
              ],
              [
                120.2701628,
                22.6181163
              ],
              [
                120.2701212,
                22.6184035
              ],
              [
                120.2700145,
                22.6183964
              ],
              [
                120.2698772,
                22.6216578
              ],
              [
                120.2697668,
                22.6236323
              ],
              [
                120.2693878,
                22.6237981
              ],
              [
                120.2695026,
                22.6218287
              ],
              [
                120.2692997,
                22.6218246
              ],
              [
                120.269394,
                22.6203528
              ],
              [
                120.2692972,
                22.6203375
              ],
              [
                120.2693704,
                22.6191926
              ],
              [
                120.2693154,
                22.6191905
              ],
              [
                120.2692747,
                22.6189819
              ],
              [
                120.2692765,
                22.6184124
              ],
              [
                120.2695773,
                22.6184248
              ],
              [
                120.2696268,
                22.6183806
              ],
              [
                120.2696246,
                22.6181123
              ],
              [
                120.2693423,
                22.6181188
              ],
              [
                120.2692739,
                22.6181429
              ],
              [
                120.2691505,
                22.618073
              ],
              [
                120.2691726,
                22.6180198
              ],
              [
                120.269022,
                22.6179469
              ],
              [
                120.2682111,
                22.6176389
              ],
              [
                120.2682606,
                22.6174778
              ],
              [
                120.26706998044432,
                22.617224147108015
              ],
              [
                120.2670479,
                22.6172878
              ],
              [
                120.2667203,
                22.6172262
              ],
              [
                120.2667296,
                22.6171584
              ],
              [
                120.2667763,
                22.6171227
              ],
              [
                120.26675287646974,
                22.61703017705543
              ],
              [
                120.26660086042801,
                22.6168534904371
              ],
              [
                120.2658917,
                22.6171657
              ],
              [
                120.2659334,
                22.6172812
              ],
              [
                120.2659486,
                22.6174458
              ],
              [
                120.26589696881084,
                22.617507775575046
              ],
              [
                120.2659109,
                22.6175353
              ],
              [
                120.2656356,
                22.6176997
              ],
              [
                120.2656141,
                22.6190607
              ],
              [
                120.265637,
                22.6195652
              ],
              [
                120.265677,
                22.619654
              ],
              [
                120.2657534,
                22.6197376
              ],
              [
                120.2658852,
                22.6198107
              ],
              [
                120.266086,
                22.6198551
              ],
              [
                120.2661616,
                22.619919
              ],
              [
                120.2661093,
                22.6199838
              ],
              [
                120.2660465,
                22.6204896
              ],
              [
                120.2659887,
                22.6206153
              ],
              [
                120.2656454,
                22.6209474
              ],
              [
                120.2656034,
                22.6210235
              ],
              [
                120.2655868,
                22.6210955
              ],
              [
                120.2656263,
                22.6216339
              ],
              [
                120.2655832,
                22.6216851
              ],
              [
                120.2610402,
                22.6228512
              ],
              [
                120.2567406,
                22.6208498
              ],
              [
                120.2566964,
                22.6209317
              ],
              [
                120.2619383,
                22.6233869
              ],
              [
                120.2616236,
                22.623704
              ],
              [
                120.2614734,
                22.6241051
              ],
              [
                120.2618846,
                22.6241059
              ],
              [
                120.2622141,
                22.6241998
              ],
              [
                120.2624733,
                22.6244334
              ],
              [
                120.2627214,
                22.6247258
              ],
              [
                120.2629049,
                22.6254027
              ],
              [
                120.2630227,
                22.626493
              ],
              [
                120.2629328,
                22.6273665
              ],
              [
                120.26279,
                22.627778
              ],
              [
                120.2624101,
                22.6283736
              ],
              [
                120.2616847,
                22.6297901
              ],
              [
                120.2615367,
                22.6302033
              ],
              [
                120.2611057,
                22.6305731
              ],
              [
                120.2606425,
                22.6307545
              ],
              [
                120.260046,
                22.6307035
              ],
              [
                120.2601084,
                22.630952
              ],
              [
                120.2600917,
                22.6311671
              ],
              [
                120.2598964,
                22.6318418
              ],
              [
                120.25968,
                22.63291
              ],
              [
                120.2594149,
                22.6335326
              ],
              [
                120.2592245,
                22.633913
              ],
              [
                120.25883,
                22.63419
              ],
              [
                120.25812,
                22.6348201
              ],
              [
                120.2573049,
                22.6351691
              ],
              [
                120.2571511,
                22.6354664
              ],
              [
                120.2570154,
                22.6358537
              ],
              [
                120.2565445,
                22.63593
              ],
              [
                120.25625,
                22.63611
              ],
              [
                120.2560601,
                22.6362799
              ],
              [
                120.2559983,
                22.6366697
              ],
              [
                120.2558058,
                22.6370283
              ],
              [
                120.255775,
                22.6375737
              ],
              [
                120.2554678,
                22.6382002
              ],
              [
                120.2555389,
                22.6389768
              ],
              [
                120.2554001,
                22.6392701
              ],
              [
                120.2550081,
                22.6398592
              ],
              [
                120.2544121,
                22.6400801
              ],
              [
                120.2540515,
                22.6404054
              ],
              [
                120.2539799,
                22.64053
              ],
              [
                120.25403,
                22.6408656
              ],
              [
                120.2538617,
                22.6413683
              ],
              [
                120.2533521,
                22.6422721
              ],
              [
                120.2532599,
                22.6426637
              ],
              [
                120.2529111,
                22.6431457
              ],
              [
                120.2527012,
                22.6431801
              ],
              [
                120.2522584,
                22.643999
              ],
              [
                120.2521008,
                22.6446119
              ],
              [
                120.2517357,
                22.6451668
              ],
              [
                120.2513847,
                22.6462554
              ],
              [
                120.2514132,
                22.6467615
              ],
              [
                120.2512775,
                22.6471979
              ],
              [
                120.2514122,
                22.6478545
              ],
              [
                120.2515551,
                22.6480093
              ],
              [
                120.2511312,
                22.6497465
              ],
              [
                120.2510207,
                22.6498895
              ],
              [
                120.2509062,
                22.6498354
              ],
              [
                120.2508686,
                22.6498835
              ],
              [
                120.2509493,
                22.6500282
              ],
              [
                120.2508781,
                22.6500513
              ],
              [
                120.2508823,
                22.6501436
              ],
              [
                120.2509428,
                22.6501773
              ],
              [
                120.2508351,
                22.6503021
              ],
              [
                120.2508611,
                22.6503752
              ],
              [
                120.2507799,
                22.6505178
              ],
              [
                120.2505284,
                22.6505598
              ],
              [
                120.2505378,
                22.6504803
              ],
              [
                120.2505144,
                22.6504417
              ],
              [
                120.2504729,
                22.650493
              ],
              [
                120.2504775,
                22.6505816
              ],
              [
                120.250437,
                22.6506106
              ],
              [
                120.2502892,
                22.6504674
              ],
              [
                120.2502311,
                22.6504666
              ],
              [
                120.2501801,
                22.65076
              ],
              [
                120.2502287,
                22.651333
              ],
              [
                120.2501329,
                22.6518292
              ],
              [
                120.2503001,
                22.6520401
              ],
              [
                120.2508248,
                22.6528301
              ],
              [
                120.2508303,
                22.653451
              ],
              [
                120.2506913,
                22.653744
              ],
              [
                120.2506594,
                22.6544004
              ],
              [
                120.2508093,
                22.655106
              ],
              [
                120.2508483,
                22.6555333
              ],
              [
                120.2506386,
                22.6559268
              ],
              [
                120.2503685,
                22.6562945
              ],
              [
                120.2503329,
                22.6565398
              ],
              [
                120.2504851,
                22.6568476
              ],
              [
                120.2505544,
                22.6571492
              ],
              [
                120.2508586,
                22.6580709
              ],
              [
                120.2508968,
                22.6585668
              ],
              [
                120.251168,
                22.6597054
              ],
              [
                120.2513319,
                22.6601716
              ],
              [
                120.2516243,
                22.6605472
              ],
              [
                120.2516115,
                22.6609232
              ],
              [
                120.2513828,
                22.6614236
              ],
              [
                120.25135,
                22.66158
              ],
              [
                120.2511853,
                22.6619807
              ],
              [
                120.2509441,
                22.6623247
              ],
              [
                120.2507182,
                22.6628448
              ],
              [
                120.250766,
                22.6630157
              ],
              [
                120.25088,
                22.6640961
              ],
              [
                120.2510281,
                22.6642199
              ],
              [
                120.2515441,
                22.665076
              ],
              [
                120.2516621,
                22.6649993
              ],
              [
                120.2511432,
                22.6640189
              ],
              [
                120.2515633,
                22.6638327
              ],
              [
                120.251938,
                22.6639163
              ],
              [
                120.2524569,
                22.6639657
              ],
              [
                120.2527081,
                22.6640417
              ],
              [
                120.2529016,
                22.6642887
              ],
              [
                120.2529304,
                22.6644711
              ],
              [
                120.2528645,
                22.6648397
              ],
              [
                120.253054,
                22.6652957
              ],
              [
                120.2525845,
                22.6655351
              ],
              [
                120.2522427,
                22.6654211
              ],
              [
                120.2518783,
                22.6655114
              ],
              [
                120.2519362,
                22.6656688
              ],
              [
                120.2520896,
                22.6657347
              ],
              [
                120.2525947,
                22.6657378
              ],
              [
                120.252697,
                22.6655774
              ],
              [
                120.2533162,
                22.6653247
              ],
              [
                120.2538044,
                22.665575
              ],
              [
                120.2543829,
                22.6660008
              ],
              [
                120.2544456,
                22.6661773
              ],
              [
                120.25465,
                22.6662713
              ],
              [
                120.2549889,
                22.6665678
              ],
              [
                120.2555921,
                22.6671525
              ],
              [
                120.2561703,
                22.6682177
              ],
              [
                120.2563901,
                22.6684462
              ],
              [
                120.256856,
                22.6687373
              ],
              [
                120.2574927,
                22.6688537
              ],
              [
                120.2575111,
                22.668666
              ],
              [
                120.2576651,
                22.6686697
              ],
              [
                120.2578914,
                22.668574
              ],
              [
                120.2581167,
                22.668544
              ],
              [
                120.2583115,
                22.6686205
              ],
              [
                120.2584854,
                22.6688298
              ],
              [
                120.2586071,
                22.6688655
              ],
              [
                120.2589889,
                22.6686854
              ],
              [
                120.2591826,
                22.6686739
              ],
              [
                120.2594397,
                22.6687645
              ],
              [
                120.2595236,
                22.6688342
              ],
              [
                120.2595594,
                22.6689177
              ],
              [
                120.2595858,
                22.6691265
              ],
              [
                120.2598875,
                22.6692709
              ],
              [
                120.2600563,
                22.6694127
              ],
              [
                120.2603118,
                22.6694945
              ],
              [
                120.2604363,
                22.6695894
              ],
              [
                120.2604995,
                22.6697338
              ],
              [
                120.2605108,
                22.6700644
              ],
              [
                120.2607277,
                22.6702819
              ],
              [
                120.2609832,
                22.6704429
              ],
              [
                120.2621534,
                22.6719411
              ],
              [
                120.2625946,
                22.6725328
              ],
              [
                120.2632113,
                22.6734968
              ],
              [
                120.2634282,
                22.6737456
              ],
              [
                120.2636809,
                22.6741998
              ],
              [
                120.2637808,
                22.6745565
              ],
              [
                120.2639939,
                22.675644
              ],
              [
                120.2640505,
                22.6760268
              ],
              [
                120.2641146,
                22.6769491
              ],
              [
                120.2641132,
                22.6780864
              ],
              [
                120.2639788,
                22.6789953
              ],
              [
                120.2639034,
                22.6796774
              ],
              [
                120.26389225716032,
                22.68
              ],
              [
                120.2682329513555,
                22.68
              ],
              [
                120.2682585,
                22.6799358
              ],
              [
                120.26857780287811,
                22.679960060087282
              ],
              [
                120.2686395,
                22.679089
              ],
              [
                120.2688427,
                22.6791013
              ],
              [
                120.26878077545267,
                22.679975481596802
              ],
              [
                120.26910347819549,
                22.68
              ],
              [
                120.26982548237666,
                22.68
              ],
              [
                120.2699079,
                22.6791699
              ],
              [
                120.2700886,
                22.6791852
              ],
              [
                120.27000770145827,
                22.68
              ],
              [
                120.30143660690423,
                22.68
              ],
              [
                120.301435,
                22.6799445
              ],
              [
                120.3013144,
                22.6797858
              ],
              [
                120.3012591,
                22.6797968
              ],
              [
                120.3012057,
                22.6797475
              ],
              [
                120.3011978,
                22.6796964
              ],
              [
                120.301261,
                22.6796289
              ],
              [
                120.30135,
                22.6796435
              ],
              [
                120.3015161,
                22.6797712
              ],
              [
                120.3015339,
                22.6798606
              ],
              [
                120.30150365978835,
                22.68
              ],
              [
                120.34939178017953,
                22.68
              ],
              [
                120.3494842,
                22.6797444
              ],
              [
                120.3505886,
                22.6779347
              ],
              [
                120.3518161,
                22.6760619
              ],
              [
                120.3533656,
                22.6739955
              ],
              [
                120.3541878,
                22.6732764
              ],
              [
                120.354271,
                22.673166
              ],
              [
                120.3544301,
                22.6721597
              ],
              [
                120.3544886,
                22.6719905
              ],
              [
                120.355035,
                22.671014
              ],
              [
                120.3553752,
                22.6699297
              ],
              [
                120.3558071,
                22.6691881
              ],
              [
                120.3559948,
                22.6684182
              ],
              [
                120.3560635,
                22.66825
              ],
              [
                120.3567053,
                22.6673714
              ],
              [
                120.3567078,
                22.6670258
              ],
              [
                120.3567352,
                22.6669448
              ],
              [
                120.3569062,
                22.6668116
              ],
              [
                120.357719,
                22.6666147
              ],
              [
                120.3578242,
                22.6665585
              ],
              [
                120.3578979,
                22.6664696
              ],
              [
                120.3580055,
                22.666256
              ],
              [
                120.3579251,
                22.6658701
              ],
              [
                120.357911,
                22.6657168
              ],
              [
                120.3579319,
                22.6655324
              ],
              [
                120.3581073,
                22.6650397
              ],
              [
                120.3581571,
                22.664947
              ],
              [
                120.3583485,
                22.6647145
              ],
              [
                120.3587061,
                22.6643652
              ],
              [
                120.3588701,
                22.6642998
              ],
              [
                120.358987,
                22.6643052
              ],
              [
                120.3595945,
                22.664542
              ],
              [
                120.3597494,
                22.6645774
              ],
              [
                120.36,
                22.664592856746914
              ],
              [
                120.36,
                22.617261321774798
              ]
            ],
            [
              [
                120.3581033,
                22.6458223
              ],
              [
                120.3580716,
                22.6457355
              ],
              [
                120.3579885,
                22.6457003
              ],
              [
                120.3579774,
                22.6455886
              ],
              [
                120.3580751,
                22.6455477
              ],
              [
                120.3582679,
                22.6455325
              ],
              [
                120.3583325,
                22.6455682
              ],
              [
                120.3583376,
                22.6456048
              ],
              [
                120.3584356,
                22.6456929
              ],
              [
                120.358492,
                22.6456977
              ],
              [
                120.3585046,
                22.6458005
              ],
              [
                120.3584811,
                22.6458502
              ],
              [
                120.35849,
                22.6460538
              ],
              [
                120.3584685,
                22.6461117
              ],
              [
                120.3585293,
                22.6461608
              ],
              [
                120.3584771,
                22.6462839
              ],
              [
                120.358479,
                22.6463882
              ],
              [
                120.3584332,
                22.6465007
              ],
              [
                120.3584209,
                22.6466043
              ],
              [
                120.3583591,
                22.6467145
              ],
              [
                120.3581514,
                22.6467601
              ],
              [
                120.3577834,
                22.6465898
              ],
              [
                120.3577252,
                22.6465262
              ],
              [
                120.357682,
                22.6464444
              ],
              [
                120.3577348,
                22.6462891
              ],
              [
                120.3577268,
                22.6461691
              ],
              [
                120.3577909,
                22.6460781
              ],
              [
                120.3580784,
                22.6458816
              ],
              [
                120.3581033,
                22.6458223
              ]
            ],
            [
              [
                120.3577267,
                22.6440135
              ],
              [
                120.3579154,
                22.6438554
              ],
              [
                120.3578419,
                22.6435713
              ],
              [
                120.3580035,
                22.6434831
              ],
              [
                120.3584392,
                22.6446513
              ],
              [
                120.3582812,
                22.6447384
              ],
              [
                120.3579772,
                22.6448195
              ],
              [
                120.3577267,
                22.6440135
              ]
            ],
            [
              [
                120.3580913,
                22.6572063
              ],
              [
                120.3580189,
                22.6571309
              ],
              [
                120.3578286,
                22.6567882
              ],
              [
                120.3579453,
                22.6567958
              ],
              [
                120.357964,
                22.6567376
              ],
              [
                120.3580177,
                22.6567139
              ],
              [
                120.3582022,
                22.6567667
              ],
              [
                120.3581893,
                22.6570479
              ],
              [
                120.3582652,
                22.6572968
              ],
              [
                120.3580913,
                22.6572063
              ]
            ],
            [
              [
                120.3579305,
                22.6479582
              ],
              [
                120.3579039,
                22.647918
              ],
              [
                120.3577996,
                22.6479302
              ],
              [
                120.3576555,
                22.6477692
              ],
              [
                120.3576782,
                22.6477079
              ],
              [
                120.3577788,
                22.6476239
              ],
              [
                120.3579191,
                22.6476274
              ],
              [
                120.358031,
                22.6476869
              ],
              [
                120.358067,
                22.6477429
              ],
              [
                120.3580746,
                22.6478287
              ],
              [
                120.3579305,
                22.6479582
              ]
            ],
            [
              [
                120.3560897,
                22.6308555
              ],
              [
                120.3561482,
                22.6303716
              ],
              [
                120.356203,
                22.6303726
              ],
              [
                120.3561886,
                22.6304253
              ],
              [
                120.3562356,
                22.6304989
              ],
              [
                120.3562314,
                22.6306421
              ],
              [
                120.3561532,
                22.6307533
              ],
              [
                120.3561776,
                22.630842
              ],
              [
                120.3567459,
                22.6308209
              ],
              [
                120.3568616,
                22.6307653
              ],
              [
                120.356969,
                22.6307488
              ],
              [
                120.3570293,
                22.6307683
              ],
              [
                120.3570293,
                22.630851
              ],
              [
                120.3561027,
                22.6309111
              ],
              [
                120.3560897,
                22.6308555
              ]
            ],
            [
              [
                120.3567423,
                22.6221739
              ],
              [
                120.3566487,
                22.6221446
              ],
              [
                120.3567841,
                22.6220196
              ],
              [
                120.3568331,
                22.6220409
              ],
              [
                120.3568187,
                22.6221087
              ],
              [
                120.3567423,
                22.6221739
              ]
            ],
            [
              [
                120.3563295,
                22.6273657
              ],
              [
                120.3563619,
                22.6273657
              ],
              [
                120.3564301,
                22.6276415
              ],
              [
                120.3563895,
                22.6282909
              ],
              [
                120.3564127,
                22.6284436
              ],
              [
                120.3563682,
                22.6285537
              ],
              [
                120.3563239,
                22.6289801
              ],
              [
                120.3562856,
                22.6289807
              ],
              [
                120.3563166,
                22.6285405
              ],
              [
                120.3563006,
                22.628419
              ],
              [
                120.3563415,
                22.6283008
              ],
              [
                120.3563901,
                22.6276058
              ],
              [
                120.3563295,
                22.6273657
              ]
            ],
            [
              [
                120.3562065,
                22.630085
              ],
              [
                120.3562744,
                22.6291035
              ],
              [
                120.3563087,
                22.6291025
              ],
              [
                120.3562709,
                22.6297602
              ],
              [
                120.3562387,
                22.6297602
              ],
              [
                120.3562356,
                22.6297964
              ],
              [
                120.3562586,
                22.6298078
              ],
              [
                120.3562238,
                22.6303209
              ],
              [
                120.3561707,
                22.6303212
              ],
              [
                120.3562065,
                22.630085
              ]
            ],
            [
              [
                120.3549135,
                22.6685348
              ],
              [
                120.354888,
                22.668468
              ],
              [
                120.3549008,
                22.668303
              ],
              [
                120.3549178,
                22.6682401
              ],
              [
                120.3549987,
                22.6681615
              ],
              [
                120.3550711,
                22.6681733
              ],
              [
                120.3551094,
                22.6682283
              ],
              [
                120.3551136,
                22.6683187
              ],
              [
                120.3550242,
                22.6685033
              ],
              [
                120.3549731,
                22.6685387
              ],
              [
                120.3549135,
                22.6685348
              ]
            ],
            [
              [
                120.3547242,
                22.623558
              ],
              [
                120.3545287,
                22.6236461
              ],
              [
                120.3544629,
                22.6236109
              ],
              [
                120.3546036,
                22.6235352
              ],
              [
                120.3547026,
                22.6235238
              ],
              [
                120.3547242,
                22.623558
              ]
            ],
            [
              [
                120.3543277,
                22.6522008
              ],
              [
                120.3544599,
                22.652177
              ],
              [
                120.3545624,
                22.6522576
              ],
              [
                120.3545757,
                22.6523201
              ],
              [
                120.3545582,
                22.6523818
              ],
              [
                120.3544503,
                22.6524561
              ],
              [
                120.3543812,
                22.6524541
              ],
              [
                120.3542787,
                22.6523736
              ],
              [
                120.3542655,
                22.652311
              ],
              [
                120.354283,
                22.6522494
              ],
              [
                120.3543277,
                22.6522008
              ]
            ],
            [
              [
                120.354153,
                22.65174
              ],
              [
                120.3542269,
                22.6517311
              ],
              [
                120.3542968,
                22.651755
              ],
              [
                120.3543467,
                22.6518062
              ],
              [
                120.3543651,
                22.6518729
              ],
              [
                120.3543478,
                22.6519398
              ],
              [
                120.3542988,
                22.6519916
              ],
              [
                120.3542293,
                22.6520165
              ],
              [
                120.3541553,
                22.6520088
              ],
              [
                120.3540936,
                22.6519701
              ],
              [
                120.3540584,
                22.6519094
              ],
              [
                120.3540578,
                22.6518406
              ],
              [
                120.354092,
                22.6517795
              ],
              [
                120.354153,
                22.65174
              ]
            ],
            [
              [
                120.3536618,
                22.6678511
              ],
              [
                120.3537341,
                22.6678511
              ],
              [
                120.3537937,
                22.6678747
              ],
              [
                120.3538108,
                22.6679454
              ],
              [
                120.353781,
                22.6681615
              ],
              [
                120.3537341,
                22.6682401
              ],
              [
                120.3536745,
                22.6682872
              ],
              [
                120.3535894,
                22.6683265
              ],
              [
                120.3533935,
                22.6683383
              ],
              [
                120.3533424,
                22.6683697
              ],
              [
                120.3532488,
                22.6683737
              ],
              [
                120.3530061,
                22.6683069
              ],
              [
                120.3529933,
                22.6682283
              ],
              [
                120.3530274,
                22.6681419
              ],
              [
                120.3535085,
                22.6681104
              ],
              [
                120.3535979,
                22.6679533
              ],
              [
                120.3535979,
                22.6678904
              ],
              [
                120.3536618,
                22.6678511
              ]
            ],
            [
              [
                120.3521056,
                22.6510879
              ],
              [
                120.3513568,
                22.6523394
              ],
              [
                120.351321,
                22.6525245
              ],
              [
                120.3512851,
                22.652546
              ],
              [
                120.3512242,
                22.6525163
              ],
              [
                120.3510523,
                22.6523443
              ],
              [
                120.3507692,
                22.6522468
              ],
              [
                120.3507495,
                22.6522022
              ],
              [
                120.3508874,
                22.6520831
              ],
              [
                120.3509752,
                22.6519013
              ],
              [
                120.351011,
                22.6517525
              ],
              [
                120.3510128,
                22.6516616
              ],
              [
                120.3509143,
                22.6514648
              ],
              [
                120.35102,
                22.6513987
              ],
              [
                120.3511006,
                22.6513094
              ],
              [
                120.3517885,
                22.6509854
              ],
              [
                120.3521611,
                22.6508548
              ],
              [
                120.352197,
                22.650873
              ],
              [
                120.3521056,
                22.6510879
              ]
            ],
            [
              [
                120.3519034,
                22.6700559
              ],
              [
                120.3518566,
                22.669942
              ],
              [
                120.3518608,
                22.6698516
              ],
              [
                120.3519332,
                22.6698123
              ],
              [
                120.3521418,
                22.6698202
              ],
              [
                120.3521418,
                22.6699066
              ],
              [
                120.3520907,
                22.6700795
              ],
              [
                120.3519758,
                22.670268
              ],
              [
                120.3518949,
                22.6702759
              ],
              [
                120.3518268,
                22.6702091
              ],
              [
                120.3518097,
                22.6701502
              ],
              [
                120.3519034,
                22.6700559
              ]
            ],
            [
              [
                120.3518905,
                22.6009016
              ],
              [
                120.3517966,
                22.6009016
              ],
              [
                120.3517846,
                22.6008607
              ],
              [
                120.3517966,
                22.6008286
              ],
              [
                120.351869,
                22.6008286
              ],
              [
                120.351912,
                22.6008793
              ],
              [
                120.3518905,
                22.6009016
              ]
            ],
            [
              [
                120.3506929,
                22.6529603
              ],
              [
                120.3505205,
                22.6528342
              ],
              [
                120.3502742,
                22.6528012
              ],
              [
                120.3501085,
                22.6525863
              ],
              [
                120.350142,
                22.6525553
              ],
              [
                120.35046,
                22.652516
              ],
              [
                120.3506033,
                22.6525615
              ],
              [
                120.3506369,
                22.6524602
              ],
              [
                120.3507623,
                22.6524023
              ],
              [
                120.3510489,
                22.6525325
              ],
              [
                120.3510781,
                22.6525739
              ],
              [
                120.3510579,
                22.6526793
              ],
              [
                120.3509392,
                22.6527826
              ],
              [
                120.3508788,
                22.6529582
              ],
              [
                120.3506929,
                22.6529603
              ]
            ],
            [
              [
                120.3503713,
                22.6531551
              ],
              [
                120.3502768,
                22.6530162
              ],
              [
                120.3502978,
                22.6528871
              ],
              [
                120.3503398,
                22.6528548
              ],
              [
                120.3503993,
                22.6528612
              ],
              [
                120.3506022,
                22.6529484
              ],
              [
                120.3506617,
                22.6530679
              ],
              [
                120.3505847,
                22.6531809
              ],
              [
                120.3503713,
                22.6531551
              ]
            ],
            [
              [
                120.3499269,
                22.666849
              ],
              [
                120.3500505,
                22.6667208
              ],
              [
                120.3500973,
                22.6667122
              ],
              [
                120.3502195,
                22.6673648
              ],
              [
                120.3501305,
                22.6674211
              ],
              [
                120.349888,
                22.667328
              ],
              [
                120.3497928,
                22.6670346
              ],
              [
                120.3499269,
                22.666849
              ]
            ],
            [
              [
                120.3470258,
                22.6573165
              ],
              [
                120.3469937,
                22.657344
              ],
              [
                120.3470223,
                22.657381
              ],
              [
                120.347098,
                22.6573832
              ],
              [
                120.3472425,
                22.6572932
              ],
              [
                120.3473846,
                22.6572858
              ],
              [
                120.3472803,
                22.6574043
              ],
              [
                120.3472769,
                22.6574625
              ],
              [
                120.3472149,
                22.6575218
              ],
              [
                120.3471864,
                22.6575172
              ],
              [
                120.3466294,
                22.657977
              ],
              [
                120.3463757,
                22.6579502
              ],
              [
                120.3463746,
                22.6578783
              ],
              [
                120.3465121,
                22.6578529
              ],
              [
                120.3465465,
                22.6576963
              ],
              [
                120.3466084,
                22.6575778
              ],
              [
                120.3467357,
                22.6575218
              ],
              [
                120.346707,
                22.6574403
              ],
              [
                120.3466428,
                22.6574371
              ],
              [
                120.346683,
                22.6572276
              ],
              [
                120.3466279,
                22.6571599
              ],
              [
                120.346683,
                22.6571229
              ],
              [
                120.3466291,
                22.6570689
              ],
              [
                120.3468355,
                22.6570668
              ],
              [
                120.3468848,
                22.6570922
              ],
              [
                120.3468813,
                22.657144
              ],
              [
                120.3470189,
                22.6572922
              ],
              [
                120.3470258,
                22.6573165
              ]
            ],
            [
              [
                120.3463881,
                22.6655079
              ],
              [
                120.346148,
                22.6657604
              ],
              [
                120.3459512,
                22.6656718
              ],
              [
                120.3457975,
                22.6655433
              ],
              [
                120.3462249,
                22.6652199
              ],
              [
                120.3462585,
                22.6653838
              ],
              [
                120.3463881,
                22.6655079
              ]
            ],
            [
              [
                120.3450098,
                22.6792797
              ],
              [
                120.3450449,
                22.6791295
              ],
              [
                120.3451131,
                22.679157
              ],
              [
                120.3450375,
                22.6792866
              ],
              [
                120.3450098,
                22.6792797
              ]
            ],
            [
              [
                120.3417443,
                22.620564
              ],
              [
                120.341818,
                22.6205677
              ],
              [
                120.3418851,
                22.6206048
              ],
              [
                120.3421426,
                22.6208697
              ],
              [
                120.3422378,
                22.6208747
              ],
              [
                120.3423934,
                22.6208338
              ],
              [
                120.3426348,
                22.6209279
              ],
              [
                120.3427944,
                22.6209329
              ],
              [
                120.3428668,
                22.6209712
              ],
              [
                120.3428869,
                22.6210257
              ],
              [
                120.3428011,
                22.6210864
              ],
              [
                120.3427461,
                22.6210802
              ],
              [
                120.3426603,
                22.6210034
              ],
              [
                120.3424457,
                22.6209131
              ],
              [
                120.3423357,
                22.6208945
              ],
              [
                120.342164,
                22.6209292
              ],
              [
                120.3418784,
                22.6206531
              ],
              [
                120.3416437,
                22.6206395
              ],
              [
                120.3416142,
                22.6205813
              ],
              [
                120.3416263,
                22.6205169
              ],
              [
                120.3415699,
                22.6204823
              ],
              [
                120.341472,
                22.6205862
              ],
              [
                120.3414264,
                22.6206011
              ],
              [
                120.3413701,
                22.6205664
              ],
              [
                120.3413715,
                22.620507
              ],
              [
                120.3414278,
                22.620455
              ],
              [
                120.3414466,
                22.620403
              ],
              [
                120.3414063,
                22.620356
              ],
              [
                120.3411111,
                22.6203032
              ],
              [
                120.3411262,
                22.6202715
              ],
              [
                120.3414492,
                22.6203337
              ],
              [
                120.3414948,
                22.6203882
              ],
              [
                120.3415029,
                22.6204389
              ],
              [
                120.3414211,
                22.6205318
              ],
              [
                120.3414331,
                22.6205677
              ],
              [
                120.3415887,
                22.6204365
              ],
              [
                120.3416652,
                22.6204625
              ],
              [
                120.3417,
                22.6205962
              ],
              [
                120.3417443,
                22.620564
              ]
            ],
            [
              [
                120.3426091,
                22.6160817
              ],
              [
                120.3426125,
                22.6160435
              ],
              [
                120.3426631,
                22.6160458
              ],
              [
                120.3426546,
                22.6160904
              ],
              [
                120.3426091,
                22.6160817
              ]
            ],
            [
              [
                120.340375,
                22.6644473
              ],
              [
                120.339595,
                22.6641512
              ],
              [
                120.3395973,
                22.6639596
              ],
              [
                120.3400796,
                22.6636529
              ],
              [
                120.3407251,
                22.6633215
              ],
              [
                120.3409266,
                22.6635124
              ],
              [
                120.3410858,
                22.6642486
              ],
              [
                120.3410269,
                22.6645404
              ],
              [
                120.3408392,
                22.6647947
              ],
              [
                120.3407678,
                22.6648012
              ],
              [
                120.340375,
                22.6644473
              ]
            ],
            [
              [
                120.3407734,
                22.6673965
              ],
              [
                120.3407551,
                22.6673442
              ],
              [
                120.3407532,
                22.6672293
              ],
              [
                120.3407831,
                22.66721
              ],
              [
                120.3408431,
                22.6673207
              ],
              [
                120.3409181,
                22.6673532
              ],
              [
                120.3408796,
                22.6674079
              ],
              [
                120.3408242,
                22.6674193
              ],
              [
                120.3407734,
                22.6673965
              ]
            ],
            [
              [
                120.3407426,
                22.6664533
              ],
              [
                120.3407814,
                22.6665172
              ],
              [
                120.3406725,
                22.6667396
              ],
              [
                120.3405834,
                22.6668355
              ],
              [
                120.3403829,
                22.6667601
              ],
              [
                120.3405339,
                22.6663482
              ],
              [
                120.3407426,
                22.6664533
              ]
            ],
            [
              [
                120.3405727,
                22.6654495
              ],
              [
                120.3405885,
                22.6655075
              ],
              [
                120.3406386,
                22.6655376
              ],
              [
                120.3406308,
                22.6656969
              ],
              [
                120.34059,
                22.6657532
              ],
              [
                120.3405518,
                22.6657034
              ],
              [
                120.3405544,
                22.6655904
              ],
              [
                120.3405012,
                22.6655061
              ],
              [
                120.3405477,
                22.6654443
              ],
              [
                120.3405727,
                22.6654495
              ]
            ],
            [
              [
                120.3398482,
                22.6222083
              ],
              [
                120.3399018,
                22.6221884
              ],
              [
                120.3399635,
                22.6221018
              ],
              [
                120.3401674,
                22.6220795
              ],
              [
                120.3401781,
                22.6220473
              ],
              [
                120.3401432,
                22.6220102
              ],
              [
                120.340154,
                22.6219532
              ],
              [
                120.3402103,
                22.6219334
              ],
              [
                120.3403364,
                22.621973
              ],
              [
                120.3403283,
                22.6219211
              ],
              [
                120.3402482,
                22.6218279
              ],
              [
                120.3402955,
                22.621815
              ],
              [
                120.3403685,
                22.6219409
              ],
              [
                120.3403632,
                22.6219978
              ],
              [
                120.340331,
                22.6220275
              ],
              [
                120.3402049,
                22.6219755
              ],
              [
                120.3402452,
                22.6220919
              ],
              [
                120.3399957,
                22.6221414
              ],
              [
                120.3399072,
                22.6222801
              ],
              [
                120.3398509,
                22.6222602
              ],
              [
                120.3398482,
                22.6222083
              ]
            ],
            [
              [
                120.3401601,
                22.667207
              ],
              [
                120.3401727,
                22.6672471
              ],
              [
                120.3401446,
                22.6673024
              ],
              [
                120.3401765,
                22.667372
              ],
              [
                120.3401495,
                22.6673889
              ],
              [
                120.3401843,
                22.6674433
              ],
              [
                120.3401678,
                22.6675031
              ],
              [
                120.3401379,
                22.6675173
              ],
              [
                120.340105,
                22.6675182
              ],
              [
                120.340077,
                22.6674879
              ],
              [
                120.3401282,
                22.6671963
              ],
              [
                120.3401601,
                22.667207
              ]
            ],
            [
              [
                120.3393618,
                22.6172947
              ],
              [
                120.3393055,
                22.6172848
              ],
              [
                120.3391508,
                22.6172887
              ],
              [
                120.3390231,
                22.6173209
              ],
              [
                120.3389089,
                22.6175076
              ],
              [
                120.3387936,
                22.6179279
              ],
              [
                120.338727,
                22.6179275
              ],
              [
                120.3386487,
                22.6178759
              ],
              [
                120.3386573,
                22.6178274
              ],
              [
                120.3387565,
                22.6177244
              ],
              [
                120.3388129,
                22.6175164
              ],
              [
                120.3388182,
                22.6173407
              ],
              [
                120.3388477,
                22.6172961
              ],
              [
                120.3390704,
                22.6172193
              ],
              [
                120.3391428,
                22.6171525
              ],
              [
                120.3392581,
                22.6171178
              ],
              [
                120.3393708,
                22.6171525
              ],
              [
                120.339478,
                22.6171228
              ],
              [
                120.3395505,
                22.6171451
              ],
              [
                120.3395746,
                22.6172144
              ],
              [
                120.3394834,
                22.6173827
              ],
              [
                120.3394164,
                22.6173605
              ],
              [
                120.3393618,
                22.6172947
              ]
            ],
            [
              [
                120.3383295,
                22.6643929
              ],
              [
                120.3383535,
                22.6643632
              ],
              [
                120.3384079,
                22.6643427
              ],
              [
                120.3385293,
                22.6643704
              ],
              [
                120.3386625,
                22.664362
              ],
              [
                120.3391126,
                22.6642094
              ],
              [
                120.339243,
                22.6645977
              ],
              [
                120.3389996,
                22.6647066
              ],
              [
                120.3389781,
                22.664696
              ],
              [
                120.3387611,
                22.6648094
              ],
              [
                120.338719,
                22.6647774
              ],
              [
                120.3387595,
                22.6647081
              ],
              [
                120.3388626,
                22.6646274
              ],
              [
                120.3387999,
                22.6645536
              ],
              [
                120.3387647,
                22.6643866
              ],
              [
                120.3385212,
                22.6644014
              ],
              [
                120.3384339,
                22.6643795
              ],
              [
                120.3383675,
                22.6644987
              ],
              [
                120.3383271,
                22.6645094
              ],
              [
                120.3383295,
                22.6643929
              ]
            ],
            [
              [
                120.3388558,
                22.6223469
              ],
              [
                120.3388263,
                22.6223345
              ],
              [
                120.3388129,
                22.622285
              ],
              [
                120.3387565,
                22.6222751
              ],
              [
                120.3387512,
                22.6223419
              ],
              [
                120.3387243,
                22.6223741
              ],
              [
                120.3386546,
                22.6222503
              ],
              [
                120.3385929,
                22.622384
              ],
              [
                120.3385446,
                22.622384
              ],
              [
                120.3385232,
                22.6223518
              ],
              [
                120.3385822,
                22.6222528
              ],
              [
                120.3385634,
                22.6221785
              ],
              [
                120.3385902,
                22.6221265
              ],
              [
                120.3386224,
                22.6221166
              ],
              [
                120.3386922,
                22.6222107
              ],
              [
                120.3388504,
                22.6221959
              ],
              [
                120.3388933,
                22.6222479
              ],
              [
                120.338896,
                22.6222999
              ],
              [
                120.3388558,
                22.6223469
              ]
            ],
            [
              [
                120.338491,
                22.6225252
              ],
              [
                120.3385339,
                22.6225301
              ],
              [
                120.3386519,
                22.6224831
              ],
              [
                120.3387458,
                22.6224979
              ],
              [
                120.3387887,
                22.6224311
              ],
              [
                120.338829,
                22.6224311
              ],
              [
                120.338845,
                22.6224756
              ],
              [
                120.3388075,
                22.6225994
              ],
              [
                120.3387699,
                22.6226118
              ],
              [
                120.3386653,
                22.6225772
              ],
              [
                120.3382281,
                22.6225375
              ],
              [
                120.3382174,
                22.6225004
              ],
              [
                120.3383569,
                22.6224657
              ],
              [
                120.3384052,
                22.6224088
              ],
              [
                120.3384642,
                22.6224484
              ],
              [
                120.338491,
                22.6225252
              ]
            ],
            [
              [
                120.3384669,
                22.622233
              ],
              [
                120.3383381,
                22.6222454
              ],
              [
                120.3383086,
                22.6223419
              ],
              [
                120.3382711,
                22.6223667
              ],
              [
                120.3381852,
                22.6222924
              ],
              [
                120.3381423,
                22.6222974
              ],
              [
                120.3381048,
                22.6223692
              ],
              [
                120.3380565,
                22.6223989
              ],
              [
                120.3380162,
                22.622384
              ],
              [
                120.3380162,
                22.6222999
              ],
              [
                120.3382201,
                22.6222479
              ],
              [
                120.3383113,
                22.6221414
              ],
              [
                120.3383649,
                22.6222033
              ],
              [
                120.3384669,
                22.622233
              ]
            ],
            [
              [
                120.3380994,
                22.619569
              ],
              [
                120.3381504,
                22.6194452
              ],
              [
                120.338094,
                22.6194254
              ],
              [
                120.3379358,
                22.6194353
              ],
              [
                120.3379116,
                22.6193635
              ],
              [
                120.3380216,
                22.6192644
              ],
              [
                120.3378955,
                22.6191877
              ],
              [
                120.337909,
                22.6191431
              ],
              [
                120.337968,
                22.6191605
              ],
              [
                120.3380656,
                22.6192341
              ],
              [
                120.338075,
                22.6192679
              ],
              [
                120.3379728,
                22.6193815
              ],
              [
                120.3381106,
                22.6193813
              ],
              [
                120.3381888,
                22.6194386
              ],
              [
                120.3381539,
                22.6195899
              ],
              [
                120.3382951,
                22.6196436
              ],
              [
                120.3383184,
                22.6196726
              ],
              [
                120.3382986,
                22.6197639
              ],
              [
                120.3383128,
                22.6198475
              ],
              [
                120.3384277,
                22.6200487
              ],
              [
                120.3384462,
                22.620121
              ],
              [
                120.3384148,
                22.6205666
              ],
              [
                120.3383229,
                22.6209425
              ],
              [
                120.3382172,
                22.6209045
              ],
              [
                120.338314,
                22.6208119
              ],
              [
                120.338373,
                22.6205593
              ],
              [
                120.3384025,
                22.6201285
              ],
              [
                120.3383757,
                22.6200171
              ],
              [
                120.3382657,
                22.6198661
              ],
              [
                120.3382389,
                22.6197745
              ],
              [
                120.3382657,
                22.6196903
              ],
              [
                120.3381369,
                22.6196457
              ],
              [
                120.3380994,
                22.619569
              ]
            ],
            [
              [
                120.3379485,
                22.66379
              ],
              [
                120.3380285,
                22.6637561
              ],
              [
                120.338061,
                22.6637844
              ],
              [
                120.3380977,
                22.6640431
              ],
              [
                120.338129,
                22.6641014
              ],
              [
                120.3378944,
                22.6642302
              ],
              [
                120.337843,
                22.6642216
              ],
              [
                120.3378191,
                22.6641045
              ],
              [
                120.3379256,
                22.6638999
              ],
              [
                120.3379485,
                22.66379
              ]
            ],
            [
              [
                120.3378285,
                22.6227282
              ],
              [
                120.3379063,
                22.6226935
              ],
              [
                120.337917,
                22.6225772
              ],
              [
                120.337968,
                22.622545
              ],
              [
                120.3379948,
                22.622597
              ],
              [
                120.3380002,
                22.6227059
              ],
              [
                120.3379921,
                22.6227554
              ],
              [
                120.3379224,
                22.6228371
              ],
              [
                120.3379358,
                22.6228842
              ],
              [
                120.3380377,
                22.6229931
              ],
              [
                120.3380109,
                22.6230649
              ],
              [
                120.3379465,
                22.6230822
              ],
              [
                120.3379036,
                22.6230327
              ],
              [
                120.3379197,
                22.6229188
              ],
              [
                120.3378821,
                22.6228495
              ],
              [
                120.3378258,
                22.6228272
              ],
              [
                120.3377963,
                22.6227851
              ],
              [
                120.3378285,
                22.6227282
              ]
            ],
            [
              [
                120.3349734,
                22.6696898
              ],
              [
                120.3349488,
                22.6697633
              ],
              [
                120.334841,
                22.6698851
              ],
              [
                120.3347752,
                22.6699096
              ],
              [
                120.3346411,
                22.6699069
              ],
              [
                120.3345093,
                22.6698142
              ],
              [
                120.3344666,
                22.66975
              ],
              [
                120.3343652,
                22.6694341
              ],
              [
                120.3340999,
                22.6693588
              ],
              [
                120.3340693,
                22.6693211
              ],
              [
                120.3340437,
                22.6691669
              ],
              [
                120.3342047,
                22.6689496
              ],
              [
                120.3341847,
                22.66879
              ],
              [
                120.3341047,
                22.6686912
              ],
              [
                120.3338764,
                22.6686027
              ],
              [
                120.3338192,
                22.6684979
              ],
              [
                120.3338296,
                22.6684533
              ],
              [
                120.3339366,
                22.6683757
              ],
              [
                120.3339556,
                22.6681883
              ],
              [
                120.3339974,
                22.6681191
              ],
              [
                120.3340346,
                22.6681213
              ],
              [
                120.3340693,
                22.668177
              ],
              [
                120.3341881,
                22.6684587
              ],
              [
                120.3344245,
                22.6688846
              ],
              [
                120.3344867,
                22.6690628
              ],
              [
                120.3344983,
                22.6692013
              ],
              [
                120.3346328,
                22.6692728
              ],
              [
                120.3348019,
                22.6692915
              ],
              [
                120.3348507,
                22.6693311
              ],
              [
                120.3349037,
                22.6695418
              ],
              [
                120.3349734,
                22.6696898
              ]
            ],
            [
              [
                120.3329934,
                22.6607534
              ],
              [
                120.3330023,
                22.6607157
              ],
              [
                120.3330895,
                22.6606158
              ],
              [
                120.3331878,
                22.6606352
              ],
              [
                120.3331966,
                22.660679
              ],
              [
                120.3331348,
                22.6607942
              ],
              [
                120.3330144,
                22.6607779
              ],
              [
                120.3329934,
                22.6607534
              ]
            ],
            [
              [
                120.3313771,
                22.6676254
              ],
              [
                120.3314415,
                22.6677739
              ],
              [
                120.3314764,
                22.6680115
              ],
              [
                120.3315407,
                22.6681328
              ],
              [
                120.3316078,
                22.6682021
              ],
              [
                120.331581,
                22.6683753
              ],
              [
                120.3315407,
                22.6684496
              ],
              [
                120.3312725,
                22.6685709
              ],
              [
                120.3311679,
                22.6686649
              ],
              [
                120.3308488,
                22.6696141
              ],
              [
                120.3307977,
                22.669645
              ],
              [
                120.3306851,
                22.6696077
              ],
              [
                120.3310485,
                22.6686142
              ],
              [
                120.3311136,
                22.6684875
              ],
              [
                120.3312485,
                22.6683927
              ],
              [
                120.3313852,
                22.6683605
              ],
              [
                120.3314254,
                22.6683159
              ],
              [
                120.331429,
                22.6682494
              ],
              [
                120.3313422,
                22.6681575
              ],
              [
                120.3313235,
                22.6677665
              ],
              [
                120.3311384,
                22.6676329
              ],
              [
                120.3310311,
                22.6675932
              ],
              [
                120.3309185,
                22.6676229
              ],
              [
                120.3307924,
                22.6677368
              ],
              [
                120.3306851,
                22.6678927
              ],
              [
                120.33061,
                22.6679249
              ],
              [
                120.3303606,
                22.6679571
              ],
              [
                120.3300923,
                22.667868
              ],
              [
                120.329985,
                22.6677541
              ],
              [
                120.3299663,
                22.6677046
              ],
              [
                120.3302828,
                22.6677021
              ],
              [
                120.3305698,
                22.6676403
              ],
              [
                120.3308782,
                22.6674645
              ],
              [
                120.3309399,
                22.6675116
              ],
              [
                120.3310365,
                22.6675338
              ],
              [
                120.3312059,
                22.6675115
              ],
              [
                120.3313771,
                22.6676254
              ]
            ],
            [
              [
                120.3268134,
                22.6640413
              ],
              [
                120.3273199,
                22.6637626
              ],
              [
                120.3280436,
                22.663781
              ],
              [
                120.3286669,
                22.6639716
              ],
              [
                120.3287319,
                22.6642421
              ],
              [
                120.3286,
                22.6644121
              ],
              [
                120.3289143,
                22.6648996
              ],
              [
                120.329119,
                22.6650597
              ],
              [
                120.3292798,
                22.6652897
              ],
              [
                120.3292335,
                22.6654911
              ],
              [
                120.3290319,
                22.6656241
              ],
              [
                120.3288009,
                22.6656966
              ],
              [
                120.3283878,
                22.6656932
              ],
              [
                120.3280886,
                22.6651536
              ],
              [
                120.3278245,
                22.6648372
              ],
              [
                120.3276551,
                22.664892
              ],
              [
                120.3274397,
                22.6648376
              ],
              [
                120.3274044,
                22.6648861
              ],
              [
                120.3274119,
                22.6649706
              ],
              [
                120.3274749,
                22.6650971
              ],
              [
                120.3274057,
                22.6651974
              ],
              [
                120.3272477,
                22.6653089
              ],
              [
                120.3271895,
                22.6654356
              ],
              [
                120.3266313,
                22.6655539
              ],
              [
                120.3265417,
                22.6657371
              ],
              [
                120.3265024,
                22.6659591
              ],
              [
                120.3265394,
                22.6663721
              ],
              [
                120.3264376,
                22.6663859
              ],
              [
                120.326322,
                22.6666386
              ],
              [
                120.3263003,
                22.6668417
              ],
              [
                120.3263154,
                22.667208
              ],
              [
                120.3262581,
                22.6673683
              ],
              [
                120.3266384,
                22.6682796
              ],
              [
                120.3267864,
                22.668225
              ],
              [
                120.3268891,
                22.6682219
              ],
              [
                120.3270932,
                22.6683564
              ],
              [
                120.3272538,
                22.6685656
              ],
              [
                120.3277508,
                22.6688982
              ],
              [
                120.3280946,
                22.6690849
              ],
              [
                120.3283244,
                22.6687986
              ],
              [
                120.3280783,
                22.6686217
              ],
              [
                120.3281112,
                22.6684048
              ],
              [
                120.3290334,
                22.6678246
              ],
              [
                120.3290156,
                22.6683076
              ],
              [
                120.3286766,
                22.6684711
              ],
              [
                120.3286293,
                22.6685435
              ],
              [
                120.3286208,
                22.668608
              ],
              [
                120.3286501,
                22.6687918
              ],
              [
                120.3288764,
                22.6689028
              ],
              [
                120.3289239,
                22.6690132
              ],
              [
                120.3289413,
                22.6691154
              ],
              [
                120.3288851,
                22.6695535
              ],
              [
                120.3286899,
                22.669384
              ],
              [
                120.3284111,
                22.6693288
              ],
              [
                120.328114,
                22.6694918
              ],
              [
                120.3280015,
                22.6695291
              ],
              [
                120.3278873,
                22.669526
              ],
              [
                120.3278059,
                22.6694635
              ],
              [
                120.3274128,
                22.6695875
              ],
              [
                120.327276,
                22.6695842
              ],
              [
                120.3272085,
                22.6695396
              ],
              [
                120.3272449,
                22.6695219
              ],
              [
                120.3271144,
                22.6692605
              ],
              [
                120.3268077,
                22.6691562
              ],
              [
                120.3263297,
                22.6685857
              ],
              [
                120.3257865,
                22.667868
              ],
              [
                120.325719,
                22.6674061
              ],
              [
                120.3257411,
                22.6672256
              ],
              [
                120.3255856,
                22.6670232
              ],
              [
                120.3254257,
                22.6669491
              ],
              [
                120.3253644,
                22.666199
              ],
              [
                120.3252527,
                22.6661911
              ],
              [
                120.3252958,
                22.6658777
              ],
              [
                120.3257391,
                22.6656627
              ],
              [
                120.326135,
                22.6655599
              ],
              [
                120.3263399,
                22.6653236
              ],
              [
                120.3266166,
                22.6642991
              ],
              [
                120.326831,
                22.6642694
              ],
              [
                120.3268134,
                22.6640413
              ]
            ],
            [
              [
                120.3283884,
                22.6432268
              ],
              [
                120.3284091,
                22.6432664
              ],
              [
                120.3283025,
                22.6433138
              ],
              [
                120.3282818,
                22.6432743
              ],
              [
                120.3283884,
                22.6432268
              ]
            ],
            [
              [
                120.3281037,
                22.6433604
              ],
              [
                120.3281244,
                22.6433999
              ],
              [
                120.3280178,
                22.6434474
              ],
              [
                120.3279971,
                22.6434078
              ],
              [
                120.3281037,
                22.6433604
              ]
            ],
            [
              [
                120.3249204,
                22.6586929
              ],
              [
                120.3248901,
                22.6586005
              ],
              [
                120.3249295,
                22.6585305
              ],
              [
                120.3250296,
                22.6585193
              ],
              [
                120.3250448,
                22.6585557
              ],
              [
                120.3250266,
                22.6586985
              ],
              [
                120.3249781,
                22.6587209
              ],
              [
                120.3249204,
                22.6586929
              ]
            ],
            [
              [
                120.324221,
                22.6589448
              ],
              [
                120.3242125,
                22.6588894
              ],
              [
                120.3241352,
                22.6588458
              ],
              [
                120.3240151,
                22.6588854
              ],
              [
                120.3239893,
                22.6589924
              ],
              [
                120.3238885,
                22.6588031
              ],
              [
                120.3238716,
                22.658593
              ],
              [
                120.3239035,
                22.658533
              ],
              [
                120.3241395,
                22.6584894
              ],
              [
                120.3245214,
                22.6584934
              ],
              [
                120.3246296,
                22.6585364
              ],
              [
                120.3246053,
                22.658794
              ],
              [
                120.3245052,
                22.658864
              ],
              [
                120.3244081,
                22.6588976
              ],
              [
                120.3243413,
                22.6590152
              ],
              [
                120.3241775,
                22.6589984
              ],
              [
                120.3241745,
                22.6589592
              ],
              [
                120.324221,
                22.6589448
              ]
            ],
            [
              [
                120.3244197,
                22.6590821
              ],
              [
                120.3244137,
                22.6591465
              ],
              [
                120.3241679,
                22.6592221
              ],
              [
                120.3240465,
                22.6592193
              ],
              [
                120.3239798,
                22.6591577
              ],
              [
                120.3240587,
                22.6591045
              ],
              [
                120.3240101,
                22.6590793
              ],
              [
                120.3240617,
                22.6590345
              ],
              [
                120.3242043,
                22.6590737
              ],
              [
                120.3244197,
                22.6590821
              ]
            ],
            [
              [
                120.3135731,
                22.6216443
              ],
              [
                120.31354,
                22.6216043
              ],
              [
                120.3135887,
                22.6215653
              ],
              [
                120.3136265,
                22.6216122
              ],
              [
                120.3135731,
                22.6216443
              ]
            ],
            [
              [
                120.3094141,
                22.631859
              ],
              [
                120.30941,
                22.6317658
              ],
              [
                120.3094609,
                22.6317639
              ],
              [
                120.3094649,
                22.6318571
              ],
              [
                120.3094141,
                22.631859
              ]
            ],
            [
              [
                120.3078011,
                22.6050565
              ],
              [
                120.3078031,
                22.6050905
              ],
              [
                120.3077267,
                22.605119
              ],
              [
                120.3077126,
                22.6050849
              ],
              [
                120.3077535,
                22.6050521
              ],
              [
                120.3078011,
                22.6050565
              ]
            ],
            [
              [
                120.2983651,
                22.6587788
              ],
              [
                120.2983265,
                22.6589139
              ],
              [
                120.2982767,
                22.6589964
              ],
              [
                120.29823,
                22.6590171
              ],
              [
                120.2981355,
                22.6590105
              ],
              [
                120.2980785,
                22.6590827
              ],
              [
                120.2980025,
                22.6590973
              ],
              [
                120.2979475,
                22.6590688
              ],
              [
                120.2979556,
                22.658981
              ],
              [
                120.29804,
                22.6589414
              ],
              [
                120.2981433,
                22.6589636
              ],
              [
                120.2982358,
                22.65895
              ],
              [
                120.2983633,
                22.6586889
              ],
              [
                120.2985845,
                22.658601
              ],
              [
                120.2987602,
                22.6584538
              ],
              [
                120.2987709,
                22.6584092
              ],
              [
                120.2986945,
                22.6583857
              ],
              [
                120.2985108,
                22.6584067
              ],
              [
                120.2984759,
                22.6584401
              ],
              [
                120.2984598,
                22.6585033
              ],
              [
                120.2983713,
                22.6585899
              ],
              [
                120.2981661,
                22.6586542
              ],
              [
                120.2980266,
                22.6587681
              ],
              [
                120.2979073,
                22.6587334
              ],
              [
                120.2977651,
                22.6587693
              ],
              [
                120.2976954,
                22.6587495
              ],
              [
                120.2976967,
                22.6586716
              ],
              [
                120.2975894,
                22.658481
              ],
              [
                120.2975841,
                22.6584129
              ],
              [
                120.2976538,
                22.658283
              ],
              [
                120.2977477,
                22.6582347
              ],
              [
                120.2978322,
                22.6582483
              ],
              [
                120.2980119,
                22.6583832
              ],
              [
                120.2982546,
                22.658382
              ],
              [
                120.2985108,
                22.6583114
              ],
              [
                120.2988058,
                22.658304
              ],
              [
                120.2988595,
                22.6583745
              ],
              [
                120.2988461,
                22.6584649
              ],
              [
                120.2985926,
                22.6586592
              ],
              [
                120.2984475,
                22.6586897
              ],
              [
                120.2983651,
                22.6587788
              ]
            ],
            [
              [
                120.2980863,
                22.6522847
              ],
              [
                120.2981879,
                22.652372
              ],
              [
                120.2979189,
                22.6524786
              ],
              [
                120.2979046,
                22.6523912
              ],
              [
                120.2979212,
                22.6523491
              ],
              [
                120.2979918,
                22.652291
              ],
              [
                120.2980863,
                22.6522847
              ]
            ],
            [
              [
                120.2979301,
                22.6089812
              ],
              [
                120.2978377,
                22.6090407
              ],
              [
                120.2977254,
                22.6090326
              ],
              [
                120.2976482,
                22.6089678
              ],
              [
                120.2976297,
                22.6089221
              ],
              [
                120.2976275,
                22.6088734
              ],
              [
                120.2976715,
                22.608786
              ],
              [
                120.2977629,
                22.6087396
              ],
              [
                120.2978703,
                22.6087541
              ],
              [
                120.2979159,
                22.6087858
              ],
              [
                120.2979608,
                22.6088812
              ],
              [
                120.2979301,
                22.6089812
              ]
            ],
            [
              [
                120.2938456,
                22.6788836
              ],
              [
                120.2937487,
                22.6789483
              ],
              [
                120.2935367,
                22.6788198
              ],
              [
                120.2937375,
                22.6787296
              ],
              [
                120.2938456,
                22.6788836
              ]
            ],
            [
              [
                120.2876825,
                22.6480107
              ],
              [
                120.2877248,
                22.6481202
              ],
              [
                120.2878392,
                22.6481612
              ],
              [
                120.2878731,
                22.6481964
              ],
              [
                120.2877481,
                22.6483391
              ],
              [
                120.2875321,
                22.6482726
              ],
              [
                120.2873754,
                22.6481221
              ],
              [
                120.2872674,
                22.6481026
              ],
              [
                120.28699,
                22.6479814
              ],
              [
                120.2870303,
                22.6479326
              ],
              [
                120.2871446,
                22.6479365
              ],
              [
                120.2872865,
                22.6478603
              ],
              [
                120.2875491,
                22.6476004
              ],
              [
                120.2876317,
                22.6475026
              ],
              [
                120.2876359,
                22.6474518
              ],
              [
                120.2878392,
                22.6474577
              ],
              [
                120.2877989,
                22.6476648
              ],
              [
                120.2876761,
                22.6478974
              ],
              [
                120.2876825,
                22.6480107
              ]
            ],
            [
              [
                120.2864846,
                22.6318674
              ],
              [
                120.2863014,
                22.6321181
              ],
              [
                120.2861997,
                22.6321991
              ],
              [
                120.2861508,
                22.6321475
              ],
              [
                120.2862269,
                22.6319898
              ],
              [
                120.2863548,
                22.6315606
              ],
              [
                120.2864545,
                22.6314983
              ],
              [
                120.2864244,
                22.6317253
              ],
              [
                120.2864846,
                22.6318674
              ]
            ],
            [
              [
                120.2851072,
                22.6598138
              ],
              [
                120.2851258,
                22.6597243
              ],
              [
                120.2852342,
                22.6595861
              ],
              [
                120.2853098,
                22.6596124
              ],
              [
                120.2852941,
                22.659748
              ],
              [
                120.2852427,
                22.6600073
              ],
              [
                120.2852089,
                22.6600543
              ],
              [
                120.2851299,
                22.6600276
              ],
              [
                120.2851072,
                22.6598138
              ]
            ],
            [
              [
                120.2813211,
                22.6431094
              ],
              [
                120.281374,
                22.6433056
              ],
              [
                120.2813192,
                22.6433167
              ],
              [
                120.2812483,
                22.6430602
              ],
              [
                120.2813593,
                22.6430296
              ],
              [
                120.2813774,
                22.6430964
              ],
              [
                120.2813211,
                22.6431094
              ]
            ],
            [
              [
                120.2796513,
                22.6345029
              ],
              [
                120.2796398,
                22.6344818
              ],
              [
                120.2796632,
                22.6344713
              ],
              [
                120.2796728,
                22.6344951
              ],
              [
                120.2796513,
                22.6345029
              ]
            ],
            [
              [
                120.2780363,
                22.635393
              ],
              [
                120.2780441,
                22.6353892
              ],
              [
                120.2780415,
                22.6354
              ],
              [
                120.2780363,
                22.635393
              ]
            ],
            [
              [
                120.2767944,
                22.6441241
              ],
              [
                120.2779193,
                22.6440985
              ],
              [
                120.2778868,
                22.6442326
              ],
              [
                120.2777828,
                22.6441931
              ],
              [
                120.2776592,
                22.6441872
              ],
              [
                120.276846,
                22.6442097
              ],
              [
                120.2760023,
                22.644482
              ],
              [
                120.2759667,
                22.6443945
              ],
              [
                120.2767944,
                22.6441241
              ]
            ],
            [
              [
                120.2746518,
                22.6448314
              ],
              [
                120.2757776,
                22.6444454
              ],
              [
                120.2758175,
                22.6445441
              ],
              [
                120.2749233,
                22.6448433
              ],
              [
                120.2743154,
                22.6450834
              ],
              [
                120.27403,
                22.6453299
              ],
              [
                120.2739463,
                22.6454686
              ],
              [
                120.2737834,
                22.6459119
              ],
              [
                120.2732459,
                22.6480965
              ],
              [
                120.2732301,
                22.6482579
              ],
              [
                120.2733051,
                22.6495353
              ],
              [
                120.2732931,
                22.6496452
              ],
              [
                120.2732198,
                22.6496435
              ],
              [
                120.2731548,
                22.6484298
              ],
              [
                120.273155,
                22.6480453
              ],
              [
                120.2737027,
                22.6459299
              ],
              [
                120.2735787,
                22.6459411
              ],
              [
                120.2733467,
                22.6468555
              ],
              [
                120.2732794,
                22.6469105
              ],
              [
                120.2731804,
                22.6473375
              ],
              [
                120.273221,
                22.647346
              ],
              [
                120.2730677,
                22.6479843
              ],
              [
                120.2730308,
                22.6479853
              ],
              [
                120.2730097,
                22.6479295
              ],
              [
                120.2730349,
                22.6475259
              ],
              [
                120.273136,
                22.6471217
              ],
              [
                120.2731403,
                22.6469115
              ],
              [
                120.2731899,
                22.6467497
              ],
              [
                120.2731514,
                22.646298
              ],
              [
                120.2733035,
                22.6460839
              ],
              [
                120.2735475,
                22.6458594
              ],
              [
                120.2737266,
                22.6458366
              ],
              [
                120.273779,
                22.6455837
              ],
              [
                120.2738445,
                22.6454095
              ],
              [
                120.2740337,
                22.6451438
              ],
              [
                120.2742561,
                22.6449763
              ],
              [
                120.2742719,
                22.644996
              ],
              [
                120.274662,
                22.6448553
              ],
              [
                120.2746518,
                22.6448314
              ]
            ],
            [
              [
                120.2757081,
                22.635154
              ],
              [
                120.2756545,
                22.6351565
              ],
              [
                120.2756196,
                22.6351132
              ],
              [
                120.2755512,
                22.6351058
              ],
              [
                120.2754828,
                22.635034
              ],
              [
                120.2754748,
                22.6349795
              ],
              [
                120.2755284,
                22.634951
              ],
              [
                120.275625,
                22.6349597
              ],
              [
                120.2756786,
                22.6350179
              ],
              [
                120.2757591,
                22.6350315
              ],
              [
                120.275747,
                22.6351169
              ],
              [
                120.2757081,
                22.635154
              ]
            ],
            [
              [
                120.2741846,
                22.646065
              ],
              [
                120.2742271,
                22.6459979
              ],
              [
                120.2744285,
                22.6460573
              ],
              [
                120.274513,
                22.6460351
              ],
              [
                120.2746497,
                22.6459359
              ],
              [
                120.2747065,
                22.6457268
              ],
              [
                120.2746756,
                22.6456075
              ],
              [
                120.2747537,
                22.6455108
              ],
              [
                120.2748925,
                22.6451342
              ],
              [
                120.2749669,
                22.645085
              ],
              [
                120.274994,
                22.6451076
              ],
              [
                120.2749899,
                22.6451951
              ],
              [
                120.2748942,
                22.6454678
              ],
              [
                120.2747321,
                22.6461308
              ],
              [
                120.2745892,
                22.6462029
              ],
              [
                120.2741846,
                22.646065
              ]
            ],
            [
              [
                120.2744566,
                22.6454301
              ],
              [
                120.2743869,
                22.6454796
              ],
              [
                120.2743399,
                22.6455464
              ],
              [
                120.2743372,
                22.6456925
              ],
              [
                120.2741991,
                22.6457964
              ],
              [
                120.2740636,
                22.6460626
              ],
              [
                120.2739456,
                22.6460489
              ],
              [
                120.2739738,
                22.6458063
              ],
              [
                120.2740006,
                22.6458088
              ],
              [
                120.2740824,
                22.6455279
              ],
              [
                120.2741817,
                22.6453892
              ],
              [
                120.2743909,
                22.6452271
              ],
              [
                120.2747959,
                22.6450773
              ],
              [
                120.2748294,
                22.6450959
              ],
              [
                120.2747771,
                22.6452011
              ],
              [
                120.2747476,
                22.64519
              ],
              [
                120.2746618,
                22.6454227
              ],
              [
                120.2745961,
                22.6454029
              ],
              [
                120.2744566,
                22.6454301
              ]
            ],
            [
              [
                120.2736669,
                22.6551671
              ],
              [
                120.2736715,
                22.6552629
              ],
              [
                120.2736118,
                22.6553023
              ],
              [
                120.2732607,
                22.6553809
              ],
              [
                120.2734193,
                22.6553336
              ],
              [
                120.2734648,
                22.6552877
              ],
              [
                120.2734914,
                22.6551773
              ],
              [
                120.2736669,
                22.6551671
              ]
            ],
            [
              [
                120.2661514,
                22.6764559
              ],
              [
                120.2658789,
                22.6764469
              ],
              [
                120.2658939,
                22.6760616
              ],
              [
                120.2661664,
                22.6760706
              ],
              [
                120.2661514,
                22.6764559
              ]
            ],
            [
              [
                120.2647761,
                22.6262675
              ],
              [
                120.2647721,
                22.6265257
              ],
              [
                120.2645899,
                22.6265233
              ],
              [
                120.2645938,
                22.6262651
              ],
              [
                120.2647761,
                22.6262675
              ]
            ],
            [
              [
                120.2619584,
                22.6298356
              ],
              [
                120.2621846,
                22.6294011
              ],
              [
                120.2625946,
                22.629591
              ],
              [
                120.262322,
                22.6301151
              ],
              [
                120.2619952,
                22.6299702
              ],
              [
                120.2620453,
                22.6298741
              ],
              [
                120.2619584,
                22.6298356
              ]
            ]
          ],
          [
            [
              [
                120.36,
                22.550440313548386
              ],
              [
                120.3598362,
                22.5506371
              ],
              [
                120.3592522,
                22.5502226
              ],
              [
                120.35943750084355,
                22.55
              ],
              [
                120.33919667602657,
                22.55
              ],
              [
                120.3446358,
                22.5538919
              ],
              [
                120.3440993,
                22.5545313
              ],
              [
                120.33776658269977,
                22.55
              ],
              [
                120.33722750651114,
                22.55
              ],
              [
                120.3396529,
                22.5517098
              ],
              [
                120.3393299,
                22.552083
              ],
              [
                120.3395634,
                22.5522342
              ],
              [
                120.339582,
                22.5522914
              ],
              [
                120.3395496,
                22.5523309
              ],
              [
                120.3395008,
                22.5523276
              ],
              [
                120.3392658,
                22.5521575
              ],
              [
                120.339171,
                22.5522674
              ],
              [
                120.3390319,
                22.5521671
              ],
              [
                120.3389934,
                22.5522114
              ],
              [
                120.3393449,
                22.5524709
              ],
              [
                120.3392232,
                22.5526107
              ],
              [
                120.3408356,
                22.5538034
              ],
              [
                120.3398703,
                22.5549196
              ],
              [
                120.3380289,
                22.5535908
              ],
              [
                120.3385885,
                22.5529465
              ],
              [
                120.3382816,
                22.5527335
              ],
              [
                120.3376766,
                22.5534247
              ],
              [
                120.3330179692427,
                22.55
              ],
              [
                120.33144515981064,
                22.55
              ],
              [
                120.3258411,
                22.556629
              ],
              [
                120.3307287,
                22.560169
              ],
              [
                120.3288607,
                22.5623935
              ],
              [
                120.3242886,
                22.559107
              ],
              [
                120.3219538,
                22.5573512
              ],
              [
                120.3215842,
                22.5570458
              ],
              [
                120.3150771,
                22.5646972
              ],
              [
                120.3150564,
                22.5649256
              ],
              [
                120.3148852,
                22.5650848
              ],
              [
                120.3147915,
                22.5649951
              ],
              [
                120.311154,
                22.5692878
              ],
              [
                120.3115077,
                22.5695618
              ],
              [
                120.3120783,
                22.5697409
              ],
              [
                120.3136529,
                22.5678443
              ],
              [
                120.3146342,
                22.5667379
              ],
              [
                120.3148966,
                22.5667168
              ],
              [
                120.3193695,
                22.5699938
              ],
              [
                120.3187699,
                22.5706852
              ],
              [
                120.315824,
                22.5696947
              ],
              [
                120.3151367,
                22.5705386
              ],
              [
                120.3154215,
                22.5726175
              ],
              [
                120.314682,
                22.573443
              ],
              [
                120.3117965,
                22.5712739
              ],
              [
                120.3111057,
                22.5707259
              ],
              [
                120.3112537,
                22.5705433
              ],
              [
                120.3105931,
                22.5700808
              ],
              [
                120.3084292,
                22.5725717
              ],
              [
                120.3059978,
                22.5754629
              ],
              [
                120.3050195,
                22.5766668
              ],
              [
                120.3044932,
                22.5772456
              ],
              [
                120.3000791,
                22.5824089
              ],
              [
                120.3002117,
                22.5837458
              ],
              [
                120.30147,
                22.5846823
              ],
              [
                120.3024485,
                22.5850021
              ],
              [
                120.3024044,
                22.5851069
              ],
              [
                120.3068912,
                22.5865222
              ],
              [
                120.3069214,
                22.586489
              ],
              [
                120.3070073,
                22.5865164
              ],
              [
                120.3083896,
                22.5870128
              ],
              [
                120.3110228,
                22.5878744
              ],
              [
                120.3134476,
                22.5898469
              ],
              [
                120.3145631,
                22.591059
              ],
              [
                120.3172736,
                22.5931032
              ],
              [
                120.3182403,
                22.5937615
              ],
              [
                120.3258635,
                22.5846928
              ],
              [
                120.3259688,
                22.5845912
              ],
              [
                120.3260645,
                22.5845492
              ],
              [
                120.3261842,
                22.5845581
              ],
              [
                120.3268374,
                22.5849999
              ],
              [
                120.3290961,
                22.5866834
              ],
              [
                120.3292146,
                22.5867088
              ],
              [
                120.3305056,
                22.5865312
              ],
              [
                120.3312669,
                22.5863719
              ],
              [
                120.3348808,
                22.5857467
              ],
              [
                120.3377674,
                22.5850847
              ],
              [
                120.3394344,
                22.5846351
              ],
              [
                120.3400084,
                22.5844047
              ],
              [
                120.3402472,
                22.5842537
              ],
              [
                120.3408051,
                22.5837732
              ],
              [
                120.3411081,
                22.5836246
              ],
              [
                120.3413898,
                22.5835355
              ],
              [
                120.3420147,
                22.5834339
              ],
              [
                120.3425834,
                22.5834488
              ],
              [
                120.3430286,
                22.5835157
              ],
              [
                120.343962,
                22.5838129
              ],
              [
                120.3444073,
                22.5838872
              ],
              [
                120.3454104,
                22.5839639
              ],
              [
                120.3461909,
                22.584058
              ],
              [
                120.346427,
                22.584115
              ],
              [
                120.347127,
                22.5843503
              ],
              [
                120.3486237,
                22.5847564
              ],
              [
                120.3493318,
                22.5850264
              ],
              [
                120.3496644,
                22.5852765
              ],
              [
                120.3503269,
                22.5856925
              ],
              [
                120.3508553,
                22.5862076
              ],
              [
                120.3512388,
                22.586807
              ],
              [
                120.352309,
                22.5887411
              ],
              [
                120.3544348,
                22.5929752
              ],
              [
                120.3546814,
                22.5937877
              ],
              [
                120.3552352,
                22.5952901
              ],
              [
                120.3554628,
                22.5961726
              ],
              [
                120.3555197,
                22.5966314
              ],
              [
                120.3551441,
                22.5988726
              ],
              [
                120.3544765,
                22.604094
              ],
              [
                120.3545183,
                22.6045772
              ],
              [
                120.3545941,
                22.6048048
              ],
              [
                120.3551252,
                22.6058134
              ],
              [
                120.3559824,
                22.6064122
              ],
              [
                120.3562631,
                22.6066958
              ],
              [
                120.3564035,
                22.6069129
              ],
              [
                120.3566197,
                22.6073611
              ],
              [
                120.3572911,
                22.608016
              ],
              [
                120.357549,
                22.6085307
              ],
              [
                120.3576325,
                22.6094237
              ],
              [
                120.3575111,
                22.61011
              ],
              [
                120.3560708,
                22.6136961
              ],
              [
                120.3559559,
                22.6140403
              ],
              [
                120.3559377,
                22.614241
              ],
              [
                120.3560507,
                22.6146856
              ],
              [
                120.3563699,
                22.6151511
              ],
              [
                120.3565188,
                22.615286
              ],
              [
                120.3567146,
                22.6154012
              ],
              [
                120.3577526,
                22.6158641
              ],
              [
                120.3587769,
                22.616372
              ],
              [
                120.35951,
                22.6168237
              ],
              [
                120.36,
                22.617184276321016
              ],
              [
                120.36,
                22.550440313548386
              ]
            ],
            [
              [
                120.3570931,
                22.5650752
              ],
              [
                120.357074,
                22.5651146
              ],
              [
                120.357001,
                22.5651043
              ],
              [
                120.3569872,
                22.5650369
              ],
              [
                120.3570687,
                22.5650096
              ],
              [
                120.3571858,
                22.5650503
              ],
              [
                120.3571835,
                22.5651541
              ],
              [
                120.3571159,
                22.5651516
              ],
              [
                120.3570931,
                22.5650752
              ]
            ],
            [
              [
                120.3560772,
                22.5969586
              ],
              [
                120.3560289,
                22.5970007
              ],
              [
                120.3561094,
                22.5970304
              ],
              [
                120.3565895,
                22.5970304
              ],
              [
                120.3565627,
                22.596971
              ],
              [
                120.3564447,
                22.5969685
              ],
              [
                120.3564661,
                22.5969091
              ],
              [
                120.3564474,
                22.5968199
              ],
              [
                120.3564635,
                22.5967456
              ],
              [
                120.3568819,
                22.596758
              ],
              [
                120.356898,
                22.5968298
              ],
              [
                120.3568658,
                22.5971517
              ],
              [
                120.3562542,
                22.5971468
              ],
              [
                120.3558144,
                22.597174
              ],
              [
                120.355691,
                22.5971641
              ],
              [
                120.3556615,
                22.5971072
              ],
              [
                120.355691,
                22.5967654
              ],
              [
                120.3557473,
                22.5967159
              ],
              [
                120.3563293,
                22.5967258
              ],
              [
                120.3563642,
                22.596805
              ],
              [
                120.3563508,
                22.596966
              ],
              [
                120.3560772,
                22.5969586
              ]
            ],
            [
              [
                120.3529864,
                22.5551797
              ],
              [
                120.3519164,
                22.5564605
              ],
              [
                120.3518725,
                22.5564825
              ],
              [
                120.3513992,
                22.5561403
              ],
              [
                120.3514667,
                22.5560698
              ],
              [
                120.3514188,
                22.5560369
              ],
              [
                120.3524803,
                22.5547685
              ],
              [
                120.3525555,
                22.5547648
              ],
              [
                120.3529986,
                22.5550896
              ],
              [
                120.3529864,
                22.5551797
              ]
            ],
            [
              [
                120.351416,
                22.5556981
              ],
              [
                120.3513162,
                22.5557757
              ],
              [
                120.351195,
                22.555819
              ],
              [
                120.3510652,
                22.5558237
              ],
              [
                120.3509407,
                22.5557893
              ],
              [
                120.350835,
                22.5557195
              ],
              [
                120.3507595,
                22.5556218
              ],
              [
                120.3507224,
                22.5555068
              ],
              [
                120.3507276,
                22.5553868
              ],
              [
                120.3507746,
                22.555275
              ],
              [
                120.3508584,
                22.5551832
              ],
              [
                120.3509698,
                22.5551214
              ],
              [
                120.3510975,
                22.5550964
              ],
              [
                120.351227,
                22.555111
              ],
              [
                120.3513443,
                22.5551638
              ],
              [
                120.3514367,
                22.5552489
              ],
              [
                120.351494,
                22.5553572
              ],
              [
                120.35151,
                22.5554768
              ],
              [
                120.3514831,
                22.5555947
              ],
              [
                120.351416,
                22.5556981
              ]
            ],
            [
              [
                120.3439749,
                22.5691887
              ],
              [
                120.3439091,
                22.5691033
              ],
              [
                120.3439073,
                22.5689985
              ],
              [
                120.34397,
                22.5689112
              ],
              [
                120.3440194,
                22.5688843
              ],
              [
                120.3441499,
                22.56888
              ],
              [
                120.3442529,
                22.568954
              ],
              [
                120.3442806,
                22.5690718
              ],
              [
                120.3442041,
                22.56919
              ],
              [
                120.3439749,
                22.5691887
              ]
            ],
            [
              [
                120.3146909,
                22.5771235
              ],
              [
                120.3145964,
                22.577175
              ],
              [
                120.3144298,
                22.5771784
              ],
              [
                120.3143331,
                22.5771478
              ],
              [
                120.3141797,
                22.5770477
              ],
              [
                120.3140775,
                22.5768775
              ],
              [
                120.3140914,
                22.5767073
              ],
              [
                120.3141813,
                22.5765428
              ],
              [
                120.31433,
                22.5764341
              ],
              [
                120.3145531,
                22.5763854
              ],
              [
                120.314818,
                22.5764369
              ],
              [
                120.3150736,
                22.5765313
              ],
              [
                120.3151634,
                22.5766071
              ],
              [
                120.3146909,
                22.5771235
              ]
            ]
          ],
          [
            [
              [
                120.36,
                22.550096740333583
              ],
              [
                120.3599328,
                22.5501779
              ],
              [
                120.35968099808483,
                22.55
              ],
              [
                120.35952309879403,
                22.55
              ],
              [
                120.36,
                22.550338625175545
              ],
              [
                120.36,
                22.550096740333583
              ]
            ]
          ],
          [
            [
              [
                120.36,
                22.68
              ],
              [
                120.36,
                22.66473709567086
              ],
              [
                120.3597526,
                22.6647264
              ],
              [
                120.3594782,
                22.664683
              ],
              [
                120.3589909,
                22.6644899
              ],
              [
                120.3588622,
                22.6644993
              ],
              [
                120.3588037,
                22.6645286
              ],
              [
                120.358346,
                22.6650246
              ],
              [
                120.358162,
                22.6654828
              ],
              [
                120.3581231,
                22.6656857
              ],
              [
                120.3581344,
                22.6658785
              ],
              [
                120.3582157,
                22.6661528
              ],
              [
                120.3582153,
                22.6662825
              ],
              [
                120.358165,
                22.6664127
              ],
              [
                120.358032,
                22.6666287
              ],
              [
                120.3578781,
                22.66674
              ],
              [
                120.3569441,
                22.6669914
              ],
              [
                120.3569001,
                22.6670412
              ],
              [
                120.3569219,
                22.6672721
              ],
              [
                120.3568584,
                22.6675078
              ],
              [
                120.3562514,
                22.6683128
              ],
              [
                120.3562024,
                22.668423
              ],
              [
                120.3559849,
                22.6692264
              ],
              [
                120.3558675,
                22.6694667
              ],
              [
                120.3555652,
                22.6699702
              ],
              [
                120.3552515,
                22.6710274
              ],
              [
                120.3546248,
                22.6721609
              ],
              [
                120.3545003,
                22.6730349
              ],
              [
                120.3544668,
                22.6731971
              ],
              [
                120.3543881,
                22.6733353
              ],
              [
                120.3536925,
                22.6739795
              ],
              [
                120.3521723,
                22.675965
              ],
              [
                120.3501273,
                22.6791128
              ],
              [
                120.34966347900229,
                22.68
              ],
              [
                120.36,
                22.68
              ]
            ]
          ],
          [
            [
              [
                120.31561509070772,
                22.55
              ],
              [
                120.3169099,
                22.550956
              ],
              [
                120.31682656325098,
                22.551344545336875
              ],
              [
                120.3177429,
                22.5515082
              ],
              [
                120.3185129,
                22.5514394
              ],
              [
                120.3185347,
                22.5510865
              ],
              [
                120.31855942161383,
                22.551086171704927
              ],
              [
                120.3185567,
                22.5510343
              ],
              [
                120.3188304,
                22.5510179
              ],
              [
                120.3192765,
                22.5504913
              ],
              [
                120.3209251,
                22.5501817
              ],
              [
                120.3209744,
                22.5503674
              ],
              [
                120.3213138,
                22.5502985
              ],
              [
                120.3212705,
                22.5501169
              ],
              [
                120.3215183,
                22.5500703
              ],
              [
                120.32153797758966,
                22.550176333175745
              ],
              [
                120.3216065,
                22.5501642
              ],
              [
                120.32166472965693,
                22.550429655812493
              ],
              [
                120.3217936,
                22.5504759
              ],
              [
                120.3218756,
                22.5504086
              ],
              [
                120.3221846,
                22.5506509
              ],
              [
                120.32273769776705,
                22.55
              ],
              [
                120.31561509070772,
                22.55
              ]
            ]
          ],
          [
            [
              [
                120.3088975,
                22.5578093
              ],
              [
                120.3081813,
                22.5580842
              ],
              [
                120.3080311,
                22.5580545
              ],
              [
                120.3073284,
                22.5575541
              ],
              [
                120.30726281469342,
                22.557336508969048
              ],
              [
                120.3048901,
                22.55985
              ],
              [
                120.3039879,
                22.5609541
              ],
              [
                120.3038844,
                22.561148
              ],
              [
                120.3036884,
                22.5636063
              ],
              [
                120.3035662,
                22.5643718
              ],
              [
                120.3034145,
                22.5648485
              ],
              [
                120.3031406,
                22.5652363
              ],
              [
                120.3026004,
                22.5656732
              ],
              [
                120.3024709,
                22.5660129
              ],
              [
                120.302007,
                22.5665476
              ],
              [
                120.30171,
                22.5670001
              ],
              [
                120.30059,
                22.5680101
              ],
              [
                120.2998701,
                22.56915
              ],
              [
                120.29973,
                22.56928
              ],
              [
                120.2990199,
                22.5697701
              ],
              [
                120.2983101,
                22.5707901
              ],
              [
                120.29803,
                22.57105
              ],
              [
                120.29774,
                22.5715601
              ],
              [
                120.2963558,
                22.5732487
              ],
              [
                120.2957601,
                22.57384
              ],
              [
                120.2952522,
                22.5746515
              ],
              [
                120.2940633,
                22.5760828
              ],
              [
                120.2916322,
                22.5791571
              ],
              [
                120.2900801,
                22.5809545
              ],
              [
                120.2892579,
                22.5819609
              ],
              [
                120.2883324,
                22.5829826
              ],
              [
                120.2873111,
                22.58398
              ],
              [
                120.2868729,
                22.5844055
              ],
              [
                120.2865401,
                22.58462
              ],
              [
                120.2864,
                22.58475
              ],
              [
                120.2861199,
                22.5852599
              ],
              [
                120.2859801,
                22.5853799
              ],
              [
                120.2860077,
                22.5853881
              ],
              [
                120.28583,
                22.58577
              ],
              [
                120.28582,
                22.5860201
              ],
              [
                120.28526,
                22.58653
              ],
              [
                120.2849701,
                22.5870399
              ],
              [
                120.2846394,
                22.5874212
              ],
              [
                120.2845049,
                22.5876233
              ],
              [
                120.2833532,
                22.5888355
              ],
              [
                120.2829901,
                22.58932
              ],
              [
                120.2827,
                22.58983
              ],
              [
                120.28214,
                22.59033
              ],
              [
                120.28185,
                22.59084
              ],
              [
                120.28129,
                22.5913501
              ],
              [
                120.2804399,
                22.5923599
              ],
              [
                120.28015,
                22.59287
              ],
              [
                120.2798701,
                22.5931301
              ],
              [
                120.2798188,
                22.5932666
              ],
              [
                120.2797265,
                22.5933702
              ],
              [
                120.27958,
                22.59364
              ],
              [
                120.2790099,
                22.5944
              ],
              [
                120.27858,
                22.5950299
              ],
              [
                120.2784399,
                22.5951599
              ],
              [
                120.2776419,
                22.5961732
              ],
              [
                120.2773001,
                22.5966801
              ],
              [
                120.2770283,
                22.5971617
              ],
              [
                120.2766087,
                22.5976644
              ],
              [
                120.2762932,
                22.5981337
              ],
              [
                120.2758585,
                22.5986952
              ],
              [
                120.2753366,
                22.5993155
              ],
              [
                120.2746259,
                22.6002175
              ],
              [
                120.2744521,
                22.6003137
              ],
              [
                120.2742554,
                22.6001875
              ],
              [
                120.2737944,
                22.5995271
              ],
              [
                120.2736102,
                22.5995263
              ],
              [
                120.2734141,
                22.5996815
              ],
              [
                120.2736521,
                22.6000683
              ],
              [
                120.273743,
                22.6004779
              ],
              [
                120.2736812,
                22.6007611
              ],
              [
                120.2735089,
                22.6010126
              ],
              [
                120.2733484,
                22.6013058
              ],
              [
                120.2730712,
                22.6015513
              ],
              [
                120.2728033,
                22.6019389
              ],
              [
                120.2725117,
                22.6022431
              ],
              [
                120.2720271,
                22.602946
              ],
              [
                120.2706607,
                22.6050679
              ],
              [
                120.2698119,
                22.6061174
              ],
              [
                120.268895,
                22.607048
              ],
              [
                120.2683987,
                22.6072416
              ],
              [
                120.2677247,
                22.6079383
              ],
              [
                120.2672992,
                22.6084758
              ],
              [
                120.2666841,
                22.6094828
              ],
              [
                120.266569,
                22.6098371
              ],
              [
                120.2656451,
                22.6109272
              ],
              [
                120.2653853,
                22.6111884
              ],
              [
                120.2649337,
                22.6114434
              ],
              [
                120.264567,
                22.6114893
              ],
              [
                120.2642016,
                22.6114935
              ],
              [
                120.2637863,
                22.6107688
              ],
              [
                120.263459,
                22.6103958
              ],
              [
                120.2632308,
                22.6103471
              ],
              [
                120.2631251,
                22.610739
              ],
              [
                120.2631929,
                22.6109257
              ],
              [
                120.262973,
                22.6112023
              ],
              [
                120.2631459,
                22.6114979
              ],
              [
                120.2634311,
                22.6116014
              ],
              [
                120.2634165,
                22.6117128
              ],
              [
                120.2633214,
                22.6118282
              ],
              [
                120.2633821,
                22.61192
              ],
              [
                120.2633165,
                22.6119609
              ],
              [
                120.2632622,
                22.6120778
              ],
              [
                120.2632703,
                22.6121878
              ],
              [
                120.2634159,
                22.6122456
              ],
              [
                120.2632954,
                22.6125279
              ],
              [
                120.2633036,
                22.6127384
              ],
              [
                120.2632752,
                22.6128499
              ],
              [
                120.2631223,
                22.6131608
              ],
              [
                120.2628749,
                22.6135785
              ],
              [
                120.2615237,
                22.6144444
              ],
              [
                120.2615401,
                22.6144677
              ],
              [
                120.2609123,
                22.6148557
              ],
              [
                120.2608769,
                22.6148133
              ],
              [
                120.2602521,
                22.6152274
              ],
              [
                120.25941,
                22.6156652
              ],
              [
                120.2587786,
                22.6160509
              ],
              [
                120.2587899,
                22.6160746
              ],
              [
                120.2581614,
                22.6165185
              ],
              [
                120.2581378,
                22.6165112
              ],
              [
                120.2579509,
                22.616651
              ],
              [
                120.2579307,
                22.616632
              ],
              [
                120.2573995,
                22.6170697
              ],
              [
                120.2561136,
                22.617718
              ],
              [
                120.2561694,
                22.617807
              ],
              [
                120.2574331,
                22.6171644
              ],
              [
                120.257454,
                22.6171862
              ],
              [
                120.2575091,
                22.6171433
              ],
              [
                120.2576364,
                22.6172552
              ],
              [
                120.2578083,
                22.6171125
              ],
              [
                120.2576915,
                22.6169982
              ],
              [
                120.2580306,
                22.6167416
              ],
              [
                120.2580499,
                22.6167635
              ],
              [
                120.2582395,
                22.6166124
              ],
              [
                120.2582052,
                22.6165814
              ],
              [
                120.2587913,
                22.6161612
              ],
              [
                120.2587753,
                22.6161429
              ],
              [
                120.2590249,
                22.6160011
              ],
              [
                120.2590126,
                22.6159785
              ],
              [
                120.2598509,
                22.6155029
              ],
              [
                120.259863,
                22.6155166
              ],
              [
                120.2602965,
                22.6152879
              ],
              [
                120.260529,
                22.6151288
              ],
              [
                120.2605594,
                22.6151599
              ],
              [
                120.2607141,
                22.6150605
              ],
              [
                120.2607354,
                22.6150797
              ],
              [
                120.2609588,
                22.6149117
              ],
              [
                120.2609393,
                22.6148981
              ],
              [
                120.2615702,
                22.6145105
              ],
              [
                120.2615878,
                22.6145355
              ],
              [
                120.2625846,
                22.6139174
              ],
              [
                120.2630841,
                22.6144118
              ],
              [
                120.2633079,
                22.6148005
              ],
              [
                120.26346925950034,
                22.61515454907641
              ],
              [
                120.2644242,
                22.6161331
              ],
              [
                120.2646165,
                22.6161706
              ],
              [
                120.2646673,
                22.6163043
              ],
              [
                120.2661643,
                22.6157527
              ],
              [
                120.2663095,
                22.61517
              ],
              [
                120.2675065,
                22.6150547
              ],
              [
                120.2692747,
                22.6143335
              ],
              [
                120.2693188,
                22.614422
              ],
              [
                120.2694056,
                22.614385
              ],
              [
                120.2693961,
                22.6143619
              ],
              [
                120.2693619,
                22.6143737
              ],
              [
                120.2693122,
                22.6142518
              ],
              [
                120.2694549,
                22.6142444
              ],
              [
                120.2696284,
                22.6141839
              ],
              [
                120.2699816,
                22.6137018
              ],
              [
                120.2700354,
                22.6137424
              ],
              [
                120.2701024,
                22.6136979
              ],
              [
                120.270451,
                22.61375
              ],
              [
                120.2709162,
                22.6134739
              ],
              [
                120.2707985,
                22.6133039
              ],
              [
                120.2709542,
                22.6132138
              ],
              [
                120.2709369,
                22.6131912
              ],
              [
                120.2700303,
                22.6136965
              ],
              [
                120.269818,
                22.6135609
              ],
              [
                120.2707486,
                22.6123888
              ],
              [
                120.2707887,
                22.6123912
              ],
              [
                120.2711757,
                22.6126521
              ],
              [
                120.2711408,
                22.6126923
              ],
              [
                120.2713833,
                22.6128861
              ],
              [
                120.2712304,
                22.6129691
              ],
              [
                120.2716836,
                22.613477
              ],
              [
                120.274702,
                22.6116472
              ],
              [
                120.2741601,
                22.6108927
              ],
              [
                120.2718682,
                22.6122762
              ],
              [
                120.2717898,
                22.6121581
              ],
              [
                120.2712954,
                22.6125249
              ],
              [
                120.2711469,
                22.6124208
              ],
              [
                120.2711705,
                22.6123629
              ],
              [
                120.2710931,
                22.6123062
              ],
              [
                120.2710717,
                22.612215
              ],
              [
                120.271021,
                22.6121521
              ],
              [
                120.2710183,
                22.6119574
              ],
              [
                120.2712773,
                22.6114915
              ],
              [
                120.2713761,
                22.6115469
              ],
              [
                120.2720931,
                22.6105856
              ],
              [
                120.2716965,
                22.6103341
              ],
              [
                120.2717673,
                22.6102417
              ],
              [
                120.2721625,
                22.6104808
              ],
              [
                120.2726418,
                22.6098276
              ],
              [
                120.2726939,
                22.6098658
              ],
              [
                120.2735185,
                22.6087438
              ],
              [
                120.2736234,
                22.6088285
              ],
              [
                120.2737235,
                22.6087104
              ],
              [
                120.2738002,
                22.6086873
              ],
              [
                120.2738787,
                22.6085764
              ],
              [
                120.2739488,
                22.6085348
              ],
              [
                120.2740022,
                22.6085564
              ],
              [
                120.2740139,
                22.608636
              ],
              [
                120.2738763,
                22.6089291
              ],
              [
                120.2740027,
                22.6090188
              ],
              [
                120.2748817,
                22.610465
              ],
              [
                120.27468484815438,
                22.610592423928406
              ],
              [
                120.27488070006204,
                22.61088518140085
              ],
              [
                120.2768328,
                22.6098619
              ],
              [
                120.2751791,
                22.6071731
              ],
              [
                120.2754298,
                22.6070334
              ],
              [
                120.2757831,
                22.6076057
              ],
              [
                120.2762487,
                22.6073736
              ],
              [
                120.2763659,
                22.6075547
              ],
              [
                120.2764299,
                22.6075214
              ],
              [
                120.2770604,
                22.6085782
              ],
              [
                120.2773699,
                22.608418
              ],
              [
                120.2766266,
                22.6071791
              ],
              [
                120.276794,
                22.6070777
              ],
              [
                120.2768526,
                22.6071549
              ],
              [
                120.2772445,
                22.6069367
              ],
              [
                120.2781493,
                22.6083976
              ],
              [
                120.2784465,
                22.6082274
              ],
              [
                120.2796591,
                22.6063146
              ],
              [
                120.2776248,
                22.603589
              ],
              [
                120.2783601,
                22.6025647
              ],
              [
                120.2784548,
                22.6025434
              ],
              [
                120.2790955,
                22.6016935
              ],
              [
                120.2800175,
                22.6022596
              ],
              [
                120.2800771,
                22.6021855
              ],
              [
                120.2791569,
                22.6016049
              ],
              [
                120.2801244,
                22.6002579
              ],
              [
                120.2811464,
                22.6007238
              ],
              [
                120.2803285,
                22.6025525
              ],
              [
                120.2796281,
                22.6026483
              ],
              [
                120.2796406,
                22.602741
              ],
              [
                120.2803251,
                22.6026514
              ],
              [
                120.2804718,
                22.6038063
              ],
              [
                120.2805677,
                22.603829
              ],
              [
                120.2824505,
                22.6006315
              ],
              [
                120.2814959,
                22.5999749
              ],
              [
                120.2815438,
                22.5998921
              ],
              [
                120.2812121,
                22.5996937
              ],
              [
                120.28113,
                22.59932
              ],
              [
                120.28116,
                22.5977801
              ],
              [
                120.2814399,
                22.59753
              ],
              [
                120.2814599,
                22.59675
              ],
              [
                120.28174,
                22.5965
              ],
              [
                120.2823101,
                22.5954799
              ],
              [
                120.2832908,
                22.5945867
              ],
              [
                120.2837768,
                22.5939528
              ],
              [
                120.2839752,
                22.5940996
              ],
              [
                120.2840779,
                22.5942955
              ],
              [
                120.2828493,
                22.5962241
              ],
              [
                120.2832523,
                22.5964442
              ],
              [
                120.2822947,
                22.5994085
              ],
              [
                120.2824639,
                22.5997835
              ],
              [
                120.2832943,
                22.6002174
              ],
              [
                120.2840713,
                22.5989646
              ],
              [
                120.2839857,
                22.5989195
              ],
              [
                120.2832482,
                22.6000819
              ],
              [
                120.2825654,
                22.5997222
              ],
              [
                120.2825513,
                22.5994118
              ],
              [
                120.2830044,
                22.5987098
              ],
              [
                120.2832059,
                22.5988227
              ],
              [
                120.2832383,
                22.598777
              ],
              [
                120.2830354,
                22.5986584
              ],
              [
                120.2830417,
                22.5983004
              ],
              [
                120.2833326,
                22.5978326
              ],
              [
                120.2837005,
                22.5980392
              ],
              [
                120.2838472,
                22.5978022
              ],
              [
                120.2834021,
                22.5975495
              ],
              [
                120.2840969,
                22.5964719
              ],
              [
                120.285174,
                22.5970648
              ],
              [
                120.2843769,
                22.5983063
              ],
              [
                120.2844668,
                22.5983574
              ],
              [
                120.2859594,
                22.5960238
              ],
              [
                120.285871,
                22.5959732
              ],
              [
                120.2852784,
                22.5969092
              ],
              [
                120.2837763,
                22.5960757
              ],
              [
                120.2854376,
                22.5934877
              ],
              [
                120.2869343,
                22.5943079
              ],
              [
                120.2862694,
                22.5953664
              ],
              [
                120.2863417,
                22.5954151
              ],
              [
                120.2874693,
                22.5936494
              ],
              [
                120.2873884,
                22.5935983
              ],
              [
                120.2870388,
                22.5941348
              ],
              [
                120.2859309,
                22.5935379
              ],
              [
                120.28658,
                22.5925328
              ],
              [
                120.2877714,
                22.5931957
              ],
              [
                120.2880143,
                22.5928
              ],
              [
                120.2878441,
                22.5926968
              ],
              [
                120.2877372,
                22.5928678
              ],
              [
                120.2861754,
                22.5920143
              ],
              [
                120.2867332,
                22.5911441
              ],
              [
                120.2875727,
                22.5916249
              ],
              [
                120.2879359,
                22.5910649
              ],
              [
                120.2871005,
                22.5905857
              ],
              [
                120.2876126,
                22.5897799
              ],
              [
                120.288726,
                22.5903962
              ],
              [
                120.2888288,
                22.5902428
              ],
              [
                120.2880604,
                22.5897997
              ],
              [
                120.28839,
                22.58928
              ],
              [
                120.2893573,
                22.5886043
              ],
              [
                120.2906967,
                22.5873769
              ],
              [
                120.2904045,
                22.5860101
              ],
              [
                120.2901473,
                22.5857737
              ],
              [
                120.2902339,
                22.5856173
              ],
              [
                120.29085,
                22.5859466
              ],
              [
                120.2909065,
                22.586035
              ],
              [
                120.2912342,
                22.5862088
              ],
              [
                120.2913131,
                22.5863361
              ],
              [
                120.2912937,
                22.5863551
              ],
              [
                120.2915384,
                22.5866831
              ],
              [
                120.2917122,
                22.5863838
              ],
              [
                120.2912525,
                22.5861372
              ],
              [
                120.2913624,
                22.5859525
              ],
              [
                120.291956,
                22.5862644
              ],
              [
                120.2923353,
                22.5856502
              ],
              [
                120.2921768,
                22.5855642
              ],
              [
                120.2923645,
                22.5852642
              ],
              [
                120.2924529,
                22.5853148
              ],
              [
                120.2926051,
                22.5850845
              ],
              [
                120.2925132,
                22.5850342
              ],
              [
                120.2925414,
                22.5849929
              ],
              [
                120.2922776,
                22.5848471
              ],
              [
                120.2923853,
                22.5846848
              ],
              [
                120.2927473,
                22.5848875
              ],
              [
                120.292771,
                22.5848533
              ],
              [
                120.2922092,
                22.5845222
              ],
              [
                120.2923113,
                22.5843737
              ],
              [
                120.2928962,
                22.5847158
              ],
              [
                120.2929131,
                22.5846912
              ],
              [
                120.2921953,
                22.5842695
              ],
              [
                120.29225,
                22.5841841
              ],
              [
                120.2920533,
                22.5840762
              ],
              [
                120.2921226,
                22.5839625
              ],
              [
                120.2922834,
                22.5840507
              ],
              [
                120.2923363,
                22.5839636
              ],
              [
                120.2920632,
                22.5838118
              ],
              [
                120.2921014,
                22.5837533
              ],
              [
                120.2932394,
                22.5844158
              ],
              [
                120.2932544,
                22.5843921
              ],
              [
                120.2935125,
                22.5845283
              ],
              [
                120.2935294,
                22.5845019
              ],
              [
                120.2927081,
                22.5840527
              ],
              [
                120.2927719,
                22.5839559
              ],
              [
                120.2921771,
                22.5836267
              ],
              [
                120.292238,
                22.5835329
              ],
              [
                120.2936519,
                22.5843102
              ],
              [
                120.2936761,
                22.5842708
              ],
              [
                120.2927459,
                22.5837517
              ],
              [
                120.2929456,
                22.5834189
              ],
              [
                120.2939226,
                22.5839717
              ],
              [
                120.2939776,
                22.5838869
              ],
              [
                120.2930055,
                22.5833253
              ],
              [
                120.2931758,
                22.583034
              ],
              [
                120.2936813,
                22.5833404
              ],
              [
                120.2941868,
                22.583611
              ],
              [
                120.2942509,
                22.5835211
              ],
              [
                120.2932364,
                22.5829414
              ],
              [
                120.2934217,
                22.5826344
              ],
              [
                120.2944815,
                22.5832476
              ],
              [
                120.2945018,
                22.5832134
              ],
              [
                120.2934404,
                22.5825931
              ],
              [
                120.2935381,
                22.5824537
              ],
              [
                120.2941364,
                22.5828111
              ],
              [
                120.2941606,
                22.5827758
              ],
              [
                120.2936391,
                22.5824512
              ],
              [
                120.2938247,
                22.5822311
              ],
              [
                120.294014,
                22.5823808
              ],
              [
                120.2940255,
                22.5823689
              ],
              [
                120.2938588,
                22.582238
              ],
              [
                120.2940828,
                22.5819913
              ],
              [
                120.2948151,
                22.5825445
              ],
              [
                120.2948338,
                22.5825227
              ],
              [
                120.2941134,
                22.5819789
              ],
              [
                120.2942378,
                22.5818372
              ],
              [
                120.2945184,
                22.5820472
              ],
              [
                120.2945378,
                22.5820245
              ],
              [
                120.2942989,
                22.5818433
              ],
              [
                120.2944384,
                22.5816866
              ],
              [
                120.2952202,
                22.582281
              ],
              [
                120.295305,
                22.5821889
              ],
              [
                120.2943844,
                22.581461
              ],
              [
                120.2945526,
                22.5812828
              ],
              [
                120.2948664,
                22.5815343
              ],
              [
                120.2948909,
                22.5815081
              ],
              [
                120.2947213,
                22.581373
              ],
              [
                120.2949203,
                22.5811664
              ],
              [
                120.2954618,
                22.5815589
              ],
              [
                120.2957162,
                22.5812767
              ],
              [
                120.2958103,
                22.581343
              ],
              [
                120.2962297,
                22.5808696
              ],
              [
                120.2955301,
                22.580343
              ],
              [
                120.295566,
                22.5802981
              ],
              [
                120.2953869,
                22.5801693
              ],
              [
                120.2955177,
                22.5800234
              ],
              [
                120.2963495,
                22.580653
              ],
              [
                120.2963667,
                22.5806331
              ],
              [
                120.2960169,
                22.5803782
              ],
              [
                120.2962195,
                22.5801427
              ],
              [
                120.2961472,
                22.5800862
              ],
              [
                120.2962679,
                22.5799524
              ],
              [
                120.296112,
                22.5798016
              ],
              [
                120.2962915,
                22.5795885
              ],
              [
                120.2968061,
                22.5799992
              ],
              [
                120.2968311,
                22.5799718
              ],
              [
                120.2961848,
                22.5794746
              ],
              [
                120.296316,
                22.5793298
              ],
              [
                120.2970371,
                22.5798872
              ],
              [
                120.2970815,
                22.5798325
              ],
              [
                120.2967149,
                22.579546
              ],
              [
                120.2969066,
                22.5793269
              ],
              [
                120.29730832027933,
                22.579656969249122
              ],
              [
                120.29733137138199,
                22.579627397637136
              ],
              [
                120.2969399,
                22.57929
              ],
              [
                120.2971606,
                22.5790224
              ],
              [
                120.2973126,
                22.5791364
              ],
              [
                120.2973425,
                22.5791035
              ],
              [
                120.2969475,
                22.5787989
              ],
              [
                120.2970851,
                22.5786407
              ],
              [
                120.2974797,
                22.5789383
              ],
              [
                120.2975104,
                22.5789081
              ],
              [
                120.2973598,
                22.5787912
              ],
              [
                120.2976409,
                22.5784557
              ],
              [
                120.2973353,
                22.5782992
              ],
              [
                120.2977782,
                22.577788
              ],
              [
                120.2979317,
                22.5779596
              ],
              [
                120.2979917,
                22.5779116
              ],
              [
                120.2978583,
                22.5777531
              ],
              [
                120.2982523,
                22.5772806
              ],
              [
                120.298746,
                22.5776601
              ],
              [
                120.2987889,
                22.5776114
              ],
              [
                120.2986486,
                22.5775019
              ],
              [
                120.2987395,
                22.5773998
              ],
              [
                120.2986386,
                22.5773205
              ],
              [
                120.2988336,
                22.5770854
              ],
              [
                120.2974513,
                22.5760414
              ],
              [
                120.2978589,
                22.5756003
              ],
              [
                120.2985935,
                22.5761728
              ],
              [
                120.2986063,
                22.5761572
              ],
              [
                120.2981938,
                22.5758288
              ],
              [
                120.2982756,
                22.5757398
              ],
              [
                120.2981371,
                22.5756394
              ],
              [
                120.298257,
                22.5754851
              ],
              [
                120.2985632,
                22.5757163
              ],
              [
                120.2986663,
                22.5756032
              ],
              [
                120.2990638,
                22.5759068
              ],
              [
                120.2991644,
                22.5757969
              ],
              [
                120.2995341,
                22.5760899
              ],
              [
                120.2996538,
                22.5759478
              ],
              [
                120.2991973,
                22.5756439
              ],
              [
                120.2993384,
                22.5754535
              ],
              [
                120.2994131,
                22.5754998
              ],
              [
                120.2996379,
                22.57524
              ],
              [
                120.30004,
                22.5755471
              ],
              [
                120.3005427,
                22.5749575
              ],
              [
                120.3003115,
                22.5747859
              ],
              [
                120.299864,
                22.5753178
              ],
              [
                120.299683,
                22.5751875
              ],
              [
                120.2997444,
                22.575116
              ],
              [
                120.299437,
                22.574894
              ],
              [
                120.2993894,
                22.5749569
              ],
              [
                120.2988494,
                22.5746531
              ],
              [
                120.2995493,
                22.5735675
              ],
              [
                120.2997055,
                22.5735247
              ],
              [
                120.2998958,
                22.5736405
              ],
              [
                120.3000107,
                22.5734431
              ],
              [
                120.3002959,
                22.5735959
              ],
              [
                120.3003188,
                22.5737061
              ],
              [
                120.300814,
                22.5740867
              ],
              [
                120.3008447,
                22.5740488
              ],
              [
                120.3006444,
                22.5738973
              ],
              [
                120.3010695,
                22.5733899
              ],
              [
                120.3017128,
                22.5738752
              ],
              [
                120.3017506,
                22.5738261
              ],
              [
                120.3010766,
                22.5733173
              ],
              [
                120.3012099,
                22.573154
              ],
              [
                120.3016634,
                22.5734913
              ],
              [
                120.3016897,
                22.5734582
              ],
              [
                120.3013913,
                22.5732476
              ],
              [
                120.3015613,
                22.5730505
              ],
              [
                120.3018147,
                22.5732371
              ],
              [
                120.3018483,
                22.5731977
              ],
              [
                120.3012704,
                22.5727787
              ],
              [
                120.3015838,
                22.5724103
              ],
              [
                120.3021802,
                22.5728265
              ],
              [
                120.3020144,
                22.5730085
              ],
              [
                120.3023202,
                22.5732348
              ],
              [
                120.3134393,
                22.5602783
              ],
              [
                120.3164599,
                22.5567
              ],
              [
                120.317597,
                22.5553867
              ],
              [
                120.317571,
                22.5551792
              ],
              [
                120.3165263,
                22.5544302
              ],
              [
                120.3167854,
                22.554111
              ],
              [
                120.3157944,
                22.5533354
              ],
              [
                120.3150843,
                22.5532233
              ],
              [
                120.3147587,
                22.5532921
              ],
              [
                120.3128952,
                22.5538721
              ],
              [
                120.3072528,
                22.5529374
              ],
              [
                120.3061242,
                22.5543083
              ],
              [
                120.3065737,
                22.5546354
              ],
              [
                120.3058405,
                22.5555028
              ],
              [
                120.3077251,
                22.5568534
              ],
              [
                120.3076353498354,
                22.556947192964817
              ],
              [
                120.3078514,
                22.5571132
              ],
              [
                120.3083959,
                22.5573758
              ],
              [
                120.3088975,
                22.5576879
              ],
              [
                120.3088975,
                22.5578093
              ]
            ]
          ]
        ]
      }
    }
  ]
}
